Nome;sample_name;Substance;tested_date;published_date;location;Latitude;Longitude
3008;Yellow Leux;TFMPP;Dec 13 2013;Dec 13 2013;San Diego, CA;32.715;-117.257
3009;Blue Armani;MDA;Dec 13, 2013;Dec 13, 2013;Albuquerque, NM;35.113;-106.621
3010;Blue Circles;MDMA;Dec 13, 2013;Dec 13, 2013;Melrose Park, IL;41.9;-87.856
3015;Super Mario;Caffeine;Dec 24, 2013;Dec 24, 2013;San Francisco, CA;37.774;-122.419
3016;Gucci;Caffeine;Dec 24, 2013;Dec 24, 2013;San Francisco, CA;37.774;-122.419
3017;Airplane;TFMPP;Dec 24, 2013;Dec 24, 2013;San Francisco, CA;37.774;-122.419
3018;White Puma;Caffeine;Dec 24, 2013;Dec 24, 2013;San Francisco, CA;37.774;-122.419
3019;Gucci;Caffeine;Dec 24, 2013;Dec 24, 2013;San Francisco, CA;37.774;-122.419
3022;Green Rolex;Caffeine/MDMA;Dec 24, 2013;Dec 24, 2013;Switzerland;46.818;8.227
3024;Yellow Tablet;Tadalafil;Jan 07, 2014;Jan 07, 2014;Montreal, Quebec, Canada;45.501;-73.567
3026;White Tablet;Palmitic Acid;Jan 07, 2014;Jan 07, 2014;Richmond, VA;37.54;-77.436
3031;Red Mitsubishi;Caffeine/Methamphetamine;Jan 07, 2014;Jan 07, 2014;San Francisco, CA;37.774;-122.419
3032;White Lightning Bolt;MDA/Caffeine;Jan 07, 2014;Jan 07, 2014;San Francisco, CA;37.774;-122.419
3033;Triangles;MDMA;Jul 01, 2015;Jul 01, 2015;Los Angeles, CA;34.052;-118.243
3034;Playboy;MDMA/Caffeine;Jan 17, 2014;Jan 17, 2014;Zurich, Switzerland;46.818;8.227
3037;Monopoly Guy;TFMPP/Lidocaine/Dibenzylpiperazine;Jan 22, 2014;Jan 22, 2014;San Francisco, CA;37.774;-122.419
3038;Honda;TFMPP/Lidocaine/Dibenzylpiperazine/Methamphetamine;Jan 22, 2014;Jan 22, 2014;San Francisco, CA;37.774;-122.419
3039;Pink Man;MBZP/TFMPP;Jan 22, 2014;Jan 22, 2014;San Francisco, CA;37.774;-122.419
3041;Green PGP;TFMPP/Diphenhydramine/BZP/Methadone;Jan 22, 2014;Jan 22, 2014;New York, NY  ;40.712;-74.006
3050;Puma;MDMA/Methamphetamine;Feb 02, 2014;Feb 02, 2014;San Francisco, CA;37.774;-122.419
3052;Star;Caffeine;Feb 02, 2014;Feb 02, 2014;Ireland;53.142;7.692
3055;Yellow Tablet;Meloxicam;Feb 02, 2014;Feb 02, 2014;Queens, NY;31.394;-73.769
3060;White Tablet;Dexamethasone;Feb 02, 2015;Feb 02, 2015;Queens, NY;31.395;-73.770
3061;PP;MDMA/Amphetamines/Caffeine;Feb 03, 2014;Feb 03, 2014;Zurich, Switzerland;46.818;8.227
3062;Bitcoin;MDMA/Methylenedioxydimethylamphetamine;Jan 25, 2014;Feb 03, 2014;Zurich, Switzerland;46.818;8.227
3063;Triangles;MDMA;Jan 25, 2014;Feb 03, 2014;Zurich, Switzerland  ;46.818;8.227
3065;Green Aliens;MDMA/MDA;Feb 10, 2014;Feb 10, 2014;Sacramento, CA  ;38.581;-121.494
3066;White Thumbs;MDMA/MDA;Feb 10, 2014;Feb 10, 2014;Sacramento, CA;38.581;-121.494
3067;Blue Mac;MDMA/MDA;Feb 10, 2014;Feb 10, 2014;Sacramento, CA;38.581;-121.494
3068;Blue Euros;MDMA/MDMA Methylene  homolog/Caffeine/Methamphetamine;Feb 10, 2014;Feb 10, 2014;Sacramento, CA;38.581;-121.494
3071;Red Superman;MDMA;Feb 17, 2014;Feb 17, 2014;Netherlands;52.132;5.291
3074;Blue Circle;MDMA/Methylsulfonylmethane;Feb 17, 2014;Feb 17, 2014;Chicago, IL;41.878;-87.629
3075;Blue Diamonds;MDMA;Feb 17, 2014;Feb 17, 2014;Chicago, IL;41.878;-87.629
3076;New York Yankees;Benocyclidine/Caffeine;Feb 17, 2014;Feb 17, 2014;Hartford, CT;41.763;-72.685
3078;Mercedes;MDMA;Feb 20, 2014;Feb 20, 2014;Zurich, Switzerland;46.818;8.227
3079;Green Android;MDMA;Feb 20, 2014;Feb 20, 2014;Zurich, Switzerland;46.818;8.227
3081;Green Tablet;2C-B/Caffeine/MDMA;Feb 20, 2014;Feb 20, 2014;Zurich, Switzerland;46.818;8.227
3086;Pink Mortal Kombat;MDMA;Feb 23, 2014;Feb 23, 2014;Glasgow, Scotland;55.864;4.251
3087; Red Mortal Kombat  ;MDMA;Feb 23, 2014;Feb 23, 2014;Scotland;56.49;4.202
2843; Mortal Kombat 2;MDMA;Aug 13, 2013;Aug 13, 2013;Lanarkshire, Scotland;55.673;3.782
2844; Mortal Kombat 1;MDMA;Aug 13, 2013;Aug 13, 2013;Glasgow, Scotland;55.864;4.251
3088;Red Cross Tablet;Tramadol;Feb 23, 2014;Feb 23, 2014;Chicago, IL;41.878;-87.629
3089;Onax;Ketamine;Feb 23, 2014;Feb 23, 2014;Phillipines;12.879;121.774
3092;Yellow Scored Tablet; Melatonin;Mar 03, 2014;Mar 03, 2014;Montreal, Quebec, Canada;45.501;-73.567
3095;White Scored Tablet;Codeine/Acetaminophen;Mar 03, 2014;Mar 03, 2014;India;20.593;78.962
3096;Football;MDMA/Synthesis Byproducts;Mar 03, 2014;Mar 03, 2014;Los Angeles, CA;34.052;-118.243
3097;Blue Mushroom;MDMA;Mar 03, 2014;Mar 03, 2014;Zurich, Switzerland;46.818;8.227
3098;Eye of the Pharaoh;2C-B;Mar 07, 2014;Mar 07, 2014;Zurich, Switzerland;46.818;8.227
3100;White Tablet;2C-T-2;Mar 14, 2014;Mar 14, 2014;Trinidad, CA;10.691;-61.222
3101;Green Guys Tablet;Bromazepam;Mar 14, 2014;Mar 14, 2014;Washington, DC;47.751;-120.74
3103;Pink Hello Kitty;Methylone;Mar 14, 2014;Mar 14, 2014;New York, NY;40.712;-74.006
3104;Yellow Pac Man;MDMA/Caffeine;Mar 14, 2014;Mar 14, 2014;New York, NY;40.712;-74.006
3105;Blue Heart;MDMA/Caffeine;Mar 14, 2014;Mar 14, 2014;New York, NY;40.712;-74.006
3106;Blue Playboy; 5-MeO-MIPT;Mar 14, 2014;Mar 14, 2014;New York, NY;40.712;-74.006
3111;Modvigil;Modafinil;Mar 23, 2014;Mar 23, 2014;Online, India;20.593;78.962
3112;Blue Monster;MDMA/Caffeine;Mar 23, 2014;Mar 23, 2014;San Francisco, CA;37.774;-122.419
3117;Domino;MDMA;Apr 05, 2014;Apr 05, 2014;Detroit, MI;42.331;-83.045
3118;Clomid;Clomifene;Apr 05, 2014;Apr 05, 2014;Vero Beach, FL;27.638;-80.397
3124;Blue Ghost;MDMA;Apr 07, 2014;Apr 07, 2014;Ireland;53.142;7.692
3134;White Skull Candy;MDMA/1-(3,4-methylenedioxyphenyl)-2-propanol;Apr 15, 2014;Apr 15, 2014;Los Angeles, CA;34.052;-118.243
3140;White Star;5-IAI/Caffeine;Apr 29, 2014;Apr 29, 2014;Denver, CO;39.739;-104.99
3142;Playboy Bunny;TFMPP;Apr 29, 2014;Apr 29, 2014;Las Vegas, NV;36.169;-115.139
3143;Lime Green Transformer;MDMA/Caffeine;Apr 29, 2014;Apr 29, 2014;San Jose, CA;37.338;-121.886
3144;Yellow Page;MBZP/mCPP/Caffeine/TFMPP;Apr 29, 2014;Apr 29, 2014;San Francisco, CA;37.774;-122.419
3145;Fioricet MIA 110;Acetaminophen/Butalbital/Caffeine;Apr 29, 2014;Apr 29, 2014;Online, CA;37.774;-122.419
3149;Red Monster;MDMA;May 05, 2014;May 05, 2014;West Hollywood, CA;34.09;-118.361
3151;Blue Superman;MDMA;May 05, 2014;May 05, 2014;Amsterdam, Netherlands;52.37;4.895
3153;Square;mCPP/MBZP/Caffeine/TFMPP;May 05, 2014;May 05, 2014;Sacramento, CA;38.581;-121.494
3154;PS4 Play Station;MBZP/mCPP/TFMPP/Caffeine;May 05, 2014;May 05, 2014;Sacramento, CA;38.581;-121.494
3155;PS4 Play Station;MBZP/mCPP/TFMPP/Caffeine;May 05, 2014;May 05, 2014;Sacramento, CA;38.581;-121.494
3158;ALP Oxandralone;Oxandrolone;May 13, 2014;May 13, 2014;Los Angeles, CA;34.052;-118.243
3161;Blue/Purple Lady;MDMA/Procaine;May 13, 2014;May 13, 2014;Los Angeles, CA;34.052;-118.243
3165;White Tablet;Melatonin/Stearic Acid/Palmitic Acid;May 13, 2014;May 13, 2014;Grapevine;32.934;-97.078
3166;Cross Scored Tablet;Diazepam;May 13, 2014;May 13, 2014;New Jersey;40.058;-74.405
3172;Green Apple;MDMA/Caffeine;May 26, 2014;May 26, 2014;Las Vegas, NV;36.169;-115.139
3174;Roxicone 4812;Oxycodone;May 26, 2014;May 26, 2014;New York, NY;40.712;-74.006
3179;Blue Snowflake;Methamphetamine;Jun 10, 2014;Jun 10, 2014;Portland, OR;45.523;-122.676
3183;3183  Yellow Wafer;Methaqualone/Diphenhydramine;Jun 11, 2014;Jun 11, 2014;New York, NY;40.712;-74.006
3184;Orange LV;TFMPP/BZP/Caffeine;Jun 11, 2014;Jun 11, 2014;New York, NY;40.712;-74.006
3185;Yellow Gun;Lorcaserin;Jun 11, 2014;Jun 11, 2014;Unknown, Unknown;40.712;-74.006
3187;Valsartan V23/M;Stearic Acid/Palmitic Acid;Jun 16, 2014;Jun 16, 2014;Pittsburg, PA;40.44;-79.995
3190;Mercedes;Caffeine/Methamphetamine;Jun 16, 2014;Jun 16, 2014;Houston, TX;29.76;-95.369
3191;Altoid Double Stack;bk-MDDMA;Jun 16, 2014;Jun 16, 2014;Boca Raton, FL;26.368;-80.128
3192;S White Dreams;Methyltestosterone;Jun 16, 2014;Jun 16, 2014;Clearwater, FL;27.965;-82.8
3193;BIosira Anavar;Stanozolol;Jun 16, 2014;Jun 16, 2014;Helsinki, Finland;60.169;24.938
3194;White Lightning Bolt;MDA/Caffeine;Jun 27, 2014;Jun 27, 2014;New York, NY;40.712;-74.006
3197;White Scored Caplet;Codeine;Jun 27, 2014;Jun 27, 2014;Online, TX;31.968;-99.901
3198;Orange Zolpidem;Zolpidem;Jun 27, 2014;Jun 27, 2014;Online, TX;31.968;-99.901
3200;Blue Canuck;MDMA;Jun 27, 2014;Jun 27, 2014;San Francisco, CA;37.774;-122.419
3202;Yellow Facebook;TFMPP;Jul 10, 2014;Jul 10, 2014;Perth, Western Australia, Australia;-25.274;133.775
3204;White Tablet;Tramadol;Jul 10, 2014;Jul 10, 2014;Houston, TX;29.76;-95.369
3206;Blue Canuck;MDMA;Jul 10, 2014;Jul 10, 2014;Los Angeles, CA;34.052;-118.243
3210;Purple Dolphin;Procaine/MDMA/Caffeine;Jun 25, 2014;Jul 10, 2014;Los Angeles, CA  ;34.052;-118.243
3223;Reclining Lady;TFMPP/BZP/Caffeine;Jul 18, 2014;Jul 18, 2014;Palos Verdes, CA;33.744;-118.387
3226;Blue Dolphin;Methamphetamine/Caffeine;Jul 24, 2014;Jul 24, 2014;Houston, TX;29.76;-95.369
3231;Red Bugatti;MDMA;Aug 01, 2014;Aug 01, 2014;Detroit, MI;42.331;-83.045
3234;Peach Caplet;Stearic Acid/Palmitic Acid/Triethyl citrate;Aug 01, 2014;Aug 01, 2014;Milford, DE;41.23;-73.064
3242;Blue Androids;MDMA;Aug 04, 2014;Aug 04, 2014;San Francisco, CA;37.774;-122.419
3246;Paul Frank;TFMPP/BZP/4-FA;Aug 17, 2014;Aug 17, 2014;Los Angeles, CA;34.052;-118.243
3247;Blue Barclay;MDMA;Aug 17, 2014;Aug 17, 2014;Online;29.76;-95.369
3248;Blue Barclay;MDMA;Aug 17, 2014;Aug 17, 2014;Online;29.76;-95.369
3249;Green Clover;BZP/TFMPP/MDMA;Aug 17, 2014  ;Aug 17, 2014;Fort McMurray, AB, Canada;56.726;-111.38
3250;Blue Dolphin;TFMPP/BZP/MDMA;Aug 17, 2014  ;Aug 17, 2014;Fort McMurray, AB, Canada;56.726;-111.38
3253;Blue Butterfly;MDMA/Caffeine;Aug 17, 2014  ;Aug 17, 2014;Orange County, CA;33.717;-117.831
3255;ALP Cialis;Tadalafil;Aug 24, 2014;Aug 24, 2014;Miami, FL;25.761;-80.191
3259;White Tablet;Palmitic Acid/Stearic Acid;Aug 24, 2014;Aug 24, 2014;New York, NY;40.712;-74.006
3262;Pink Monster;Ketamine/Caffeine/MDMA;Sep 09, 2014;Sep 09, 2014;Las Vegas, NV;36.169;-115.139
3263;White Tablet 477;Metoprolol;Sep 09, 2014;Sep 09, 2014;Satellite Beach, FL;28.176;-80.59
3264;Pink Grenade;MDMA;Sep 09, 2014;Sep 09, 2014;Falon, Sweden;60.128;18.643
3266;Green Flower;MDMA;Sep 09, 2014;Sep 09, 2014;Los Angeles, CA;34.052;-118.243
3269;White Star;MDMA;Sep 09, 2014;Sep 09, 2014;Sacramento, CA;38.581;-121.494
3272;AD 30 Ecstasy;Phentermine/Caffeine/Methamphetamine;Sep 10, 2014;Sep 10, 2014;Corpus Christi, TX;27.8;-97.396
3275;MOB Tablet;TFMPP;Sep 10, 2014;Sep 10, 2014;Dublin, Ireland;53.349;6.26
3278;Green Clamshell;TFMPP/BZP/4-FA/Benocyclidine/Caffeine;Sep 10, 2014;Sep 10, 2014;Dallas, TX;32.776;-96.797
3282;Yellow Grenade;MDMA;Sep 10, 2014;Sep 10, 2014;Atlanta, GA;33.749;-84.388
3283;Alprazolam;Alprazolam;Sep 28, 2014;Sep 28, 2014;Phillipines;12.879;121.774
3288;White Dollar;MDMA;Sep 28, 2014;Sep 28, 2014;Leeds, England, United Kingdom;53.8;-1.549
3289;ALP;Oxandrolone;Sep 28, 2014;Sep 28, 2014;Online;53.8;-1.549
3291;WB Warner Brothers; MDMA;Sep 28, 2014;Sep 28, 2014;Los Angeles, CA;34.052;-118.243
3292;Blue Bugatti;MDMA;Sep 28, 2014;Sep 28, 2014;Los Angeles, CA;34.052;-118.243
3295;Red Monkey;MDMA/Caffeine;Sep 28, 2014;Sep 28, 2014;Phoenix, AZ;33.448;-112.074
3299;Blue Warner Brothers;MDMA;Oct 13, 2014;Oct 13, 2014;Las Vegas, NV;36.169;-115.139
3300;3300  Purple Crown;MDMA/Caffeine;Oct 13, 2014;Oct 13, 2014;Las Vegas, NV;36.169;-115.139
3303;White Domino;MDMA;Oct 13, 2014;Oct 13, 2014;Los Angeles, CA;34.052;-118.243
3304;Purple Battery;MDMA;Oct 13, 2014;Oct 13, 2014;Los Angeles, CA;34.052;-118.243
3307;Blue Bugatti;MDMA;Oct 13, 2014;Oct 13, 2014;San Francisco, CA;37.774;-122.419
3310;Xanax Bar;Alprazolam;Oct 13, 2014;Oct 13, 2014;Dallas, TX;32.776;-96.797
3312;Blue Star;Methamphetamine/Acetaminophen/MDMA;Oct 13, 2014;Oct 13, 2014;Boston, MA;42.36;-71.058
3316;Pink Superman;MDMA;Oct 14, 2014;Oct 14, 2014;Palm Springs, CA;33.83;-116.545
3326;Blue Ghost;MDMA;Oct 21, 2014;Oct 21, 2014;Online;33.83;-116.545
3327;White Dragon;Nimesulide;Oct 21, 2014;Oct 21, 2014;Miami, FL;25.761;-80.191
3328;Ritalin CIBA AB;Methylphenidate;Oct 21, 2014;Oct 21, 2014;AR;35.201;-91.831
3330;Lightning Bolt;MDA/Caffeine;Oct 21, 2014;Oct 21, 2014;Los Angeles, CA;34.052;-118.243
3336;Blue Superman;MDMA/Caffeine;Oct 28, 2014  ;Oct 28, 2014;Arcadia, CA;34.139;-118.035
3337;Purple Voacanga;5-MeO-DALT/Ethylphenidate/Methiopropamine;Oct 28, 2014;Oct 28, 2014;San Francisco, CA;37.774;-122.419
3338;Green Oxycontin;Etoricoxib;Oct 28, 2014;Oct 28, 2014;Online;37.774;-122.419
3343;Dark Star;MDPBP;Nov 03, 2014;Nov 03, 2014;Phoenix, AZ;33.448;-112.074
3344;Roxicodone;Oxycodone;Nov 03, 2014;Nov 03, 2014;San Diego, CA;32.715;-117.161
3349;Tan Rolex;MDA/Caffeine;Nov 03, 2014;Nov 03, 2014;Seattle, WA;47.606;-122.332
3360;Red Smiley Face;MDA;Nov 30, 2014;Nov 30, 2014;New York, NY;40.712;-74.006
3362;Louis Vuitton;MDA/Caffeine;Nov 30, 2014;Nov 30, 2014;Seattle, WA;47.606;-122.332
3363;Codeine Caplet;Acetaminophen/Chlorzoxazone;Nov 30, 2014;Nov 30, 2014;Santa Monica, CA, India;34.019;-118.491
3371;Blue Armani Exchange;MDA/Caffeine;Nov 30, 2014;Nov 30, 2014;New York, NY;40.712;-74.006
3372;Cenforce-25;Palmitic Acid/Stearic Acid/Phthalates/Sildenafil;Nov 30, 2014;Nov 30, 2014;Online;40.712;-74.006
3373;Nizagara;Stearic Acid/Diclofenac/Palmitic Acid/Sildenafil/Acetaminophen;Nov 30, 2014;Nov 30, 2014;Online, CA;37.774;-122.419
3386;Pink Inc;Alprazolam;Dec 07, 2014;Dec 07, 2014;Fort Walton, FL;30.42;-86.617
3387;Lil Green Pill;Alprazolam;Dec 07, 2014;Dec 07, 2014;Fort Walton, FL;30.42;-86.617
3388;Big Blue Mix;Alprazolam;Dec 07, 2014;Dec 07, 2014;Fort Walton, FL;30.42;-86.617
3389;ALP Dianabol;Methandrostenolone;Dec 07, 2014;Dec 07, 2014;Miami, FL;25.761;-80.191
3390;ALP Anadrol;Oxymetholone;Dec 07, 2014;Dec 07, 2014;Miami, FL;25.761;-80.191
3391;Lets Fuck;MDMA;Dec 15, 2014;Dec 15, 2014;Tampere, Finland;61.924;25.748
3392;Green Adidas;MDMA/Caffeine;Dec 15, 2014;Dec 15, 2014;Indianapolis, IN;39.768;-86.158
3393;Blue Tablet A;Acetaminophen;Dec 16, 2014;Dec 16, 2014;Santa Rosa, CA;38.44;-122.714
3395;Pink Playboy Bunny;MDMA;Dec 16, 2015;Dec 16, 2015;Huntington Beach, FL;33.659;-117.998
3398;Green Facebook;MDMA;Dec 16, 2014;Dec 16, 2014;New York, NY;40.712;-74.006
3405;Blue Bitcoin;MDMA/Caffeine;Dec 23, 2014;Dec 23, 2014;San Francisco, CA;37.774;-122.419
3406;Yellow Rolex;MDA;Dec 23, 2014;Dec 23, 2014;Seattle, WA;47.606;-122.332
3408;Blue One;Methamphetamine;Dec 23, 2014;Dec 23, 2014;Philadelphia, PA;39.952;-75.165
3411;Apple;2C-B;Dec 24, 2014;Dec 24, 2014;Mexico City, Mexico;19.432;-99.133
3412;Molly 10;Atropine;Dec 28, 2014;Dec 31, 2014;Philadelphia, PA;39.952;-75.165
3418;Blue Pacman Ghost;5- or 6-MAPB/5-EAPB;Jan 08, 2015;Jan 08, 2015;Miami, FL;25.761;-80.191
3419;Norco;Acetaminophen;Jan 08, 2015;Jan 08, 2015;Ghaziabad, India;20.593;78.962
3423;Pacman;MDA;Jan 08, 2015;Jan 08, 2015;New Jersey;40.058;-74.405
3427;MDA Pacman;MDA;Jan 12, 2015;Jan 12, 2015;New York, NY;40.712;-74.006
3428;MDA Pacman;MDA;Jan 12, 2015;Jan 12, 2015;New York, NY;40.712;-74.006
3431;Unknown Tablet;Methylone/alpha-PVP;Jan 12, 2015;Jan 12, 2015;Wellington, New Zealand;-40.9;174.886
3436;Rohypnol 615;Flunitrazepam;Jan 12, 2015;Jan 12, 2015;Online, Germany;51.165;10.451
3437;Summer Strawberry;MDMA;Jan 12, 2015;Jan 12, 2015;Boston, MA;42.36;-71.058
3438;Yellow Superman;MDMA;Jan 12, 2015;Jan 12, 2015;Minneapolis, MN;44.977;-93.265
3442;Green Armani Exchange;MDA/Caffeine;Feb 09, 2015;Feb 09, 2015;Playa Del Camen, Quintana Roo, Mexico;20.629;-87.073
3443;Purple Chanel;MDMA/Methylsulfonylmethane;Feb 09, 2015;Feb 09, 2015;San Francisco, CA;37.774;-122.419
3444;Lightning Bolt;Caffeine/MDA;Feb 09, 2015;Feb 09, 2015;Altoona, PA;40.518;-78.394
3445;Purple X;Acetaminophen/Oxycodone;Feb 09, 2015;Feb 09, 2015;San Francisco, CA;37.774;-122.419
3449;Watson 853;Tramadol/Acetaminophen;Feb 09, 2015;Feb 09, 2015;Lemon Grove, CA;32.742;-117.031
3455;Blue Ghost;MDMA;Feb 09, 2015;Feb 09, 2015;Los Angeles, CA;34.052;-118.243
3461;Super Powerpill;MDMA;Feb 09, 2015;Feb 09, 2015;Online;34.052;-118.243
3462;Blue Monster;MDMA;Feb 09, 2015;Feb 09, 2015;Honolulu, HI;21.306;-157.858
3468;Xanax Tablet;None Detected;Feb 09, 2015;Feb 09, 2015;Online;21.306;-157.858
3469;Ecstasy Tablet;Oxandrolone;Feb 09, 2015;Feb 09, 2015;Online, MA;42.407;-71.382
3470;Lisinopril 40;Mannitol/Stearic Acid/Palmitic Acid;Feb 10, 2015;Feb 10, 2015;Port Orange, FL;29.138;-80.995
3471;Adderall 30;Caffeine/Phentermine/Methamphetamine;Feb 10, 2015;Feb 10, 2015;Philadelphia, PA;39.952;-75.165
3476;ETH Tablet;Fentanyl;Feb 21, 2015;Feb 21, 2015;San Jose, CA;37.338;-121.886
3477;A 215;Oxycodone;Feb 21, 2015;Feb 21, 2015;Chula Vista, CA;32.64;-117.084
3478;Watson 932;Methadone;Feb 21, 2015;Feb 21, 2015;Chula Vista, CA;32.64;-117.084
3480;PInk Lady;Methamphetamine;Feb 21, 2015;Feb 21, 2015;Boise, ID;43.618;-116.214
3489;Orange Tramadol;Tramadol;Feb 28, 2015;Feb 28, 2015;Online, MO;37.964;-918.318
3493;Unknown Tivo;None Detected;Feb 28, 2015;Feb 28, 2015;Magnolia, TX;47.639;-122.399
3495;Yellow Superman;Caffeine/Benocyclidine;Feb 28, 2015;Feb 28, 2015;Boynton Beach, FL;26.531;-80.09
3496;Red Monkey;Caffeine/Benocyclidine;Feb 28, 2015;Feb 28, 2015;Boynton Beach, FL;26.531;-80.09
3500;Adderall 30;Caffeine/Phentermine/Methamphetamine;Mar 03, 2015;Mar 03, 2015;Online, CA;37.774;-122.419
3502;White Caplet M367;Acetaminophen/Hydrocodone;Mar 03, 2015;Mar 03, 2015;San Diego, CA;32.715;-117.161
3503;Yellow UPS;MDMA;Mar 10, 2015;Mar 10, 2015;New York, NY;40.712;-74.006
3504;  Green Playboy;Methamphetamine/Caffeine/Ethylone;Mar 10, 2015;Mar 10, 2015;Austin, TX;30.267;-97.743
3508;White Triangular Tablet;Butyrfentanyl;Mar 10, 2015;Mar 10, 2015;Atlanta, GA;33.749;-84.388
3510;Gold Bar;MDMA;Mar 10, 2015;Mar 10, 2015;Tempe, AZ;33.425;-111.94
3511;Blue Tulips;TFMPP/Lidocaine;Mar 10, 2015;Mar 10, 2015;Oakland, CA;37.804;-122.271
3521;Yellow UPS;MDMA;Mar 23, 2015;Mar 23, 2015;Online, CA;37.804;-122.271
3527;Alprazolam Bar;Alprazolam;Mar 24, 2015;Mar 24, 2015;Online, MO;37.964;-91.831
3534;ALP Anastrozole;Acetaminophen;Mar 24, 2015;Mar 24, 2015;Santa Clarita, CA;34.391;-118.542
3537;Super P-Force;Sildenafil/Desmethylprodine;Mar 25, 2015;Mar 25, 2015;Online, CA;34.391;-118.542
3548;Bugatti;MDMA;Mar 25, 2015;Mar 25, 2015;Yakima, WA;46.602;-120.505
3551;Hydrocodone 3601;Hydrocodone/Acetaminophen;Mar 30, 2015;Mar 30, 2015;Canton, OH;23.129;-113.264
3552;Bluegreen Ecstasy Tablet;2C-B;Mar 30, 2015;Mar 30, 2015;Arcata, CA;40.866;-124.082
3558;Tesla;MDMA;Apr 06, 2015;Apr 06, 2015;Unknown;40.866;-124.082
3565;Proviron;Mesterolone;Apr 17, 2015;Apr 17, 2015;New York, NY;40.712;-74.006
3566;Stanzolol;Stanozolol;Apr 17, 2015;Apr 17, 2015;New York, NY;40.712;-74.006
3567;Letrozole;Letrozole;Apr 17, 2015;Apr 17, 2015;New York, NY;40.712;-74.006
3568;Generic Viagra;Sildenafil/Tadalafil;Apr 18, 2015;Apr 18, 2015;New York, NY;40.712;-74.006
3569;Clomid;Clomifene;Apr 21, 2015;Apr 21, 2015;New York, NY;40.712;-74.006
3570;Orange Bull;Methamphetamine/Caffeine/Ethylone;Apr 21, 2015;Apr 21, 2015;Austin, TX;30.267;-97.743
3571;Armidex;Anastrozole;Apr 21, 2015;Apr 21, 2015;London, England, United Kingdom;51.507;-1.174
3584;Green Android;MDMA;Apr 29, 2015;Apr 29, 2015;St. Louis, MO;38.627;-90.199
3589;Orange Tesla;MDMA;May 05, 2015;May 05, 2015;Online, CA;34.391;-118.542
3594;Blue Givenchy;MDMA/Methylone;May 05, 2015;May 05, 2015;San Francisco, CA;37.774;-122.419
3596;Yellow American Eagle;MDMA;May 05, 2015;May 05, 2015;San Diego, CA;32.715;-117.161
3599;ALP Tablet;Oxandrolone;May 05, 2015;May 05, 2015;Tampa, FL;27.95;-82.457
3613;Green Eagles;Caffeine/MDA;May 15, 2015;May 15, 2015;Seattle, WA;47.606;-122.332
3614;Red Paul Frank;MDA/Caffeine;May 15, 2015;May 15, 2015;Seattle, WA;47.606;-122.332
3616;Green Grenade;MDMA;May 15, 2015;May 15, 2015;Dublin, Ireland;53.349;-6.26
3617;White Lightening;Caffeine/MDA;May 15, 2015;May 15, 2015;Santa Rosa, CA;38.44;-122.714
3620;Purple Magnet;MDMA;May 20, 2015;May 20, 2015;Online, CA;38.44;-122.714
3621;Red UPS;MDMA;May 20, 2015;May 20, 2015;Online, CA;38.44;-122.714
3629;Bentley;MDMA;May 21, 2015;May 21, 2015;Online, CA;38.44;-122.714
3630;Yellow Magnet;MDMA;May 21, 2015;May 21, 2015;Online, CA;38.44;-122.714
3631;Yellow Lamborghini;MDMA;May 21, 2015;May 21, 2015;Online, CA;38.44;-122.714
3632;Fake Xanax;TFMPP;May 21, 2015;May 21, 2015;Houston, TX;29.76;-95.369
3633;Yellow Acetaminophen;Palmitic Acid/Stearic Acid;Jun 03, 2015;Jun 04, 2015;Alexandria, MN;31.2;29.918
3634;Warner Brothers WB;MDMA;Jun 03, 2015;Jun 04, 2015;Chicago, IL;41.878;-87.629
3640;Blue Ghost;MDMA;Jun 03, 2015;Jun 04, 2015;Dublin, Ireland;53.349;-6.26
3641;UPS;MDMA;Jun 03, 2015;Jun 04, 2015;Dublin, Ireland;53.349;-6.26
3642;Domino;MDMA;Jun 03, 2015;Jun 04, 2015;Dublin, Ireland;53.349;-6.26
3652;Speed Tablet;5-MeO-DALT/Methylphenidate/Methiopropamine;Jun 16, 2015;Jun 16, 2015;Atlanta, GA;33.749;-84.388
3654;Bones Domino;MDMA;Jun 16, 2015;Jun 16, 2015;Boston, MA;42.36;-71.058
3656;Orange Tesla;MDMA;Jun 16, 2015;Jun 16, 2015;Santa Clara, CA;37.354;-121.955
3657;Tan Anchor;Caffeine/TFMPP;Jun 19, 2015;Jun 19, 2015;Fort Lauderdale, FL;26.122;-80.137
3665;Xanax;Alprazolam;Jun 19, 2015;Jun 19, 2015;Houston, TX;29.76;-95.369
3667;Red Heart Love;Caffeine/Ketamine;Jun 19, 2015;Jun 19, 2015;Rio de Janeiro, Brazil;-22.906;-43.172
3673;Pink Spider;MDMA;Jun 28, 2015;Jun 28, 2015;Mobile, AL;30.695;-88.039
3674;Red Spider;MDMA;Jun 28, 2015;Jun 28, 2015;Mobile, AL;30.695;-88.039
3675;Red Rose;Mescaline;Jun 28, 2015;Jun 28, 2015;Roanoke, VA;37.271;-79.941
3676;Tan Superman Juice;Caffeine/MDA;Jun 28, 2015;Jun 28, 2015;Seattle, WA;47.606;-122.332
3678;Pink Dolphin;Caffeine/Methamphetamine;Jun 28, 2015;Jun 28, 2015;Baton Rouge, LA;30.458;-91.14
3682;Orange Tesla;MDMA;Jul 01, 2015;Jul 01, 2015;San Diego, CA;32.715;-117.161
3683;Purple Superman;Caffeine/Methamphetamine;Jul 01, 2015;Jul 01, 2015;Los Angeles, CA;34.052;-118.243
3684;Roche Valium;Diazepam;Jul 01, 2015;Jul 01, 2015;Online, CT;41.603;-73.087
3685;Blue Monkey;Caffeine/Benocyclidine;Jul 01, 2015;Jul 01, 2015;Tampa, FL;27.95;-82.457
3689;Lips;MDMA;Jul 17, 2015;Jul 17, 2015;Online, Unknown;27.95;-82.457
3699;Green Lantern;MDMA;Jul 20, 2015;Jul 20, 2015;Los Angeles, CA;34.052;-118.243
3700;Transformer Autobot;Caffeine/Methamphetamine;Jul 20, 2015;Jul 20, 2015;Atlanta, GA;33.749;-84.388
3706;3706  Dom Perignon Orange;MDMA;Jul 22, 2015;Jul 22, 2015;Monterey Park, CA;34.062;-118.122
3718;Blue Pill;Etizolam;Jul 26, 2015;Jul 26, 2015;Virginia Beach, VA;36.852;-75.978
3720;Oxandrolone Tablet;Oxandrolone;Jul 26, 2015;Jul 26, 2015;Tampa, FL;27.95;-82.457
3723;Halotestin ;None Detected;Aug 05, 2015;Aug 05, 2015;San Antonio, TX;294.241;-98.493
3726;Anavar;Stanozolol;Aug 05, 2015;Aug 05, 2015;Los Angeles, CA;34.052;-118.243
3727;Purple Vitamin;None Detected;Aug 05, 2015;Aug 05, 2015;Salt Lake City, UT;40.76;-111.891
3739;Chu Lee's Sleep Aid;Diazepam;Aug 09, 2015;Aug 09, 2015;Ecuador;-1.831;-78.183
3744;AD 30 Tablet;DXM/Methamphetamine/Caffeine;Aug 09, 2015;Aug 09, 2015;Online, FL;27.664;-81.515
3746;Green Lightning;Caffeine/MDA/MMDPPA;Aug 19, 2015;Aug 19, 2015;Toronto, ON, Canada;43.653;-79.383
3749;Green Snapchat;MDMA;Aug 19, 2015;Aug 19, 2015;San Mateo, CA;37.563;-122.325
3752;White Tablet;Methandrostenolone;Aug 19, 2015;Aug 19, 2015;New York, NY;40.712;-74.006
3758;Sexy Lady;Caffeine/Methamphetamine;Aug 20, 2015;Aug 20, 2015;IA;41.878;-93.097
3761;Turquoise Domino;MDMA;Aug 20, 2015;Aug 20, 2015;Germany;51.165;10.451
3765;White Heart;Mescaline;Aug 20, 2015;Aug 20, 2015;Los Angeles, CA;34.052;-118.243
3766;Anavar;Stanozolol;Aug 20, 2015;Aug 20, 2015;Phoenix, AZ;33.448;-112.074
3767;Modafinil;Modafinil;Aug 20, 2015;Aug 20, 2015;Online, MS;32.354;-89.398
3771;Green Shamrock;MDMA;Aug 21, 2015;Aug 21, 2015;Munich, Bayern, Germany;48.135;11.582
3772;Blue Ghost;MDMA;Aug 21, 2015;Aug 21, 2015;Munich, Bayern, Germany;48.135;11.582
3774;Yellow Grenade;25I-NBOMe;Aug 22, 2015;Aug 27, 2015;Hamburg, Germany;53.551;9.993
3775;Blue Instagram;MDMA;Aug 20, 2015;Aug 27, 2015;Online, USA;32.715;-117.161
3776;Yellow Snapchat;MDMA;Aug 22, 2015;Aug 27, 2015;Online;32.715;-117.161
3777;Red Lamborghini;MDMA;Aug 27, 2015;Aug 27, 2015;San Diego, CA;32.715;-117.161
3783;Blue Dolphin;Caffeine/5-MeO-DiPT;Aug 27, 2015;Aug 27, 2015;Miami, FL;25.761;-80.191
3784;Blue Tesla;MDMA;Aug 27, 2015;Aug 27, 2015;Dublin, Ireland;53.349;-6.26
3789;Blue Transformer;Caffeine/Phenacetin;Sep 03, 2015;Sep 03, 2015;Providence, RI;41.824;-71.412
3790;Heart;Caffeine/Benocyclidine;Sep 03, 2015;Sep 03, 2015;Providence, RI;41.824;-71.412
3791;Blue Heart;Caffeine;Sep 03, 2015;Sep 03, 2015;Los Angeles, CA;34.052;-118.243
3792;Plain Tablet;Diazepam;Sep 03, 2015;Sep 03, 2015;Clifton, NJ;40.858;-74.163
3800;Green Lantern;MDA/Methylsulfonylmethane/Ethylone/MDMA;Sep 03, 2015;Sep 03, 2015;Santa Monica, CA;38.44;-122.714
3804;Psylo-Katze;MDMA;Aug 01, 2015;Sep 04, 2015;Zurich, Switzerland;47.376;8.541
3805;No Name;MDMA;Aug 01, 2016;Sep 04, 2016;Zurich, Switzerland;47.376;8.541
3806;No Name;MDMA;Aug 01, 2017;Sep 04, 2017;Zurich, Switzerland;47.376;8.541
3807;Smiley;2C-B;Sep 01, 2015;Sep 08, 2015;Zurich, Switzerland;47.376;8.541
3808;Hello Kitty;MDMA;Sep 01, 2015;Sep 08, 2015;Zurich, Switzerland;47.376;8.541
3809;Toyota;MDMA;Sep 01, 2015;Sep 08, 2015;Zurich, Switzerland;47.376;8.541
3810;Handgranate;MDMA;Sep 01, 2015;Sep 08, 2015;Zurich, Switzerland;47.376;8.541
3811;Lamborghini;MDMA;Sep 01, 2015;Sep 08, 2015;Zurich, Switzerland;47.376;8.541
3812;Diamant;MDMA;Sep 01, 2015;Sep 08, 2015;Zurich, Switzerland;47.376;8.541
3813;Herz;MDMA;Sep 01, 2015;Sep 08, 2015;Zurich, Switzerland;47.376;8.541
3814;Heineken;MDMA;Sep 01, 2015;Sep 08, 2015;Zurich, Switzerland;47.376;8.541
3815;Smiley;MDMA/Amphetamines/2C-B/Caffeine;Sep 01, 2015;Sep 08, 2015;Zurich, Switzerland;47.376;8.541
3818;Dom Perignon;MDMA;Sep 22, 2015;Sep 22, 2015;Zurich, Switzerland;47.376;8.541
3821;Blue XTC;MDMA;Sep 22, 2015;Sep 22, 2015; Germany;51.165;10.451
3829;SM;Fluoxymesterone;Sep 22, 2015;Sep 22, 2015;Chicago, IL;41.878;-87.629
3832;Pinzor Chemical Pellet;Clonazolam;Sep 22, 2015;Sep 22, 2015;Oviedo, FL;28.67;-81.208
3833;Blue Dots;None Detected;Sep 22, 2015;Sep 22, 2015;Liverpool, United Kingdom;53.408;-2.991
3836;Green Tablet;MDMA;Sep 25, 2015;Sep 25, 2015;Zurich, Switzerland;47.376;8.541
3837;Black Dom Perignon;MDMA;Sep 25, 2015;Sep 25, 2015;Zurich, Switzerland;47.376;8.541
3838;Pink Dragonfly;Caffeine/MDMA;Sep 30, 2015;Oct 01, 2015;Seattle, WA;47.606;-122.332
3842;Buprenorphine Tablet;Buprenorphine;Sep 30, 2015;Oct 01, 2015;Barcelona, Spain;41.385;2.173
3843;T-Powder;5-EAPB/Naproxen;Sep 30, 2015;Oct 01, 2015;Boca Raton, FL;26.368;-80.128
3844;Yellow Illuminati;Caffeine/MDMA;Sep 30, 2015;Oct 01, 2015; Sweden;60.128;18.643
3846;Ecstasy Tablet;MDMA/Caffeine/Methylone;Sep 30, 2015;Oct 01, 2015;Las Vegas, NV  ;36.169;-115.139
3848;New York;Caffeine/5-MeO-DiPT;Sep 30, 2015;Oct 01, 2015;Mays Landing, NJ;39.452;-74.727
3851; E 404;Caffeine/Amphetamines;Sep 30, 2015  ;Oct 01, 2015;Dallas, TX;32.776;-96.797
3853;Yellow Cucci;Ethylone/MDMA/Caffeine/Methylsulfonylmethane;Sep 30, 2015  ;Oct 01, 2015;Portland, OR;45.523;-122.676
3855;Tesla;MDMA;Oct 02, 2015;Oct 16, 2015;Basel, Switzerland;47.559;7.588
3856;Playboy;MDMA;Oct 02, 2015;Oct 16, 2015;Zurich, Switzerland;47.376;8.541
3857;Diamant;MDMA;Oct 02, 2015;Oct 16, 2015;Basel, Switzerland;47.559;7.588
3858;Herz Langnese;MDMA;Oct 02, 2015;Oct 16, 2015;Basel, Switzerland;47.559;7.588
3859;Breitling;MDMA;Oct 02, 2015;Oct 16, 2015;Basel, Switzerland;47.559;7.588
3860;YE;MDMA;Oct 02, 2015;Oct 16, 2015;Basel, Switzerland;47.559;7.588
3861;Toyota;MDMA/MDA;Oct 02, 2015;Oct 16, 2015;Basel, Switzerland;47.559;7.588
3863;Love Pill;MDMA/Caffeine;Sep 20, 2015;Oct 12, 2015;Austria;47.516;14.55
3864;Purple Pumpkin;MDMA;Oct 06, 2015;Oct 12, 2015;Austria;47.516;14.55
3865;Green Dome;MDMA;Sep 20, 2015;Oct 12, 2015;Austria;47.516;14.55
3866;Heineken;MDMA;Oct 06, 2015;Oct 12, 2015;Austria;47.516;14.55
3867;Hello Kitty;MDMA;Oct 06, 2015;Oct 12, 2015;Austria;47.516;14.55
3868;Tomorrowland;MDMA;Oct 06, 2015;Oct 12, 2015;Austria;47.516;14.55
3869;Paul Frank;MDMA;Oct 06, 2015;Oct 12, 2015;Austria;47.516;14.55
3870;Würfel  ;MDMA;Oct 06, 2015;Oct 12, 2015;Austria;47.516;14.55
3871;Tatze;MDMA;Oct 06, 2015;Oct 12, 2015;Austria;47.516;14.55
3872;Würfel;MDMA;Oct 06, 2015;Oct 12, 2015;Austria;47.516;14.55
3873;Tesla;MDMA;Oct 06, 2015;Oct 12, 2015;Austria;47.516;14.55
3874;Versace;MDMA;Oct 06, 2015;Oct 12, 2015;Austria;47.516;14.55
3875;Chupa Chups;MDMA;Oct 06, 2015;Oct 12, 2015;Austria;47.516;14.55
3876;2k;MDMA;Oct 06, 2015;Oct 12, 2015;Austria;47.516;14.55
3877;2k;MDMA;Oct 06, 2015;Oct 12, 2015;Austria;47.516;14.55
3878;Red Circle;Caffeine/Methamphetamine;Oct 06, 2015;Oct 12, 2015;Austria;47.516;14.55
3895;Purple Chanel;MDMA;Oct 14, 2015;Oct 14, 2015;San Francisco, CA;37.774;-122.419
3896;3896  Blue Domino;Caffeine/Methamphetamine;Oct 14, 2015;Oct 14, 2015;Unknown;37.774;-122.419
3899;Audi;MDMA;Oct 16, 2015;Oct 16, 2015;Zurich, Switzerland;47.376;8.541
3900;Gold;MDMA;Oct 16, 2015;Oct 16, 2015;Zurich, Switzerland;47.376;8.541
3901;Herz;MDMA;Oct 16, 2015;Oct 16, 2015;Zurich, Switzerland;47.376;8.541
3902;Toyota;MDMA/MDA;Oct 16, 2015;Oct 16, 2015;Bern, Switzerland;46.948;7.447
3907;Green Grenade;TFMPP/Caffeine/Methamphetamine/Methylsulfonylmethane/Lidocaine/Unidentified;Oct 26, 2015;Oct 26, 2015;Lynchburg, VA;37.413;-79.142
3909;Valium;Diazepam;Oct 26, 2015;Oct 26, 2015;Richland, WA;46.285;-119.284
3912;Warner Bros Pink;MDMA;Oct 26, 2015;Oct 26, 2015;Miami, FL;25.761;-80.191
3914;Gleevec;None Detected;Oct 26, 2015;Oct 26, 2015;Atlanta, GA;33.749;-84.388
3919;Green Leaf;Methamphetamine/MDMA/Caffeine;Oct 26, 2015;Oct 26, 2015;Denver, CO;39.739;-104.99
3921;White Tablet;None Detected;Oct 26, 2015;Oct 26, 2015;Surprise, AZ;33.629;-112.367
3922;Yellow Monster;MDMA/Caffeine;Oct 26, 2015;Oct 26, 2015;Portland, OR;45.523;-122.676
3924;Hello Kitty;MDMA;Oct 26, 2015;Oct 26, 2015;Zurich, Switzerland;47.376;8.541
3925;Mann / Frau;MDMA;Oct 26, 2015;Oct 26, 2015;Zurich, Switzerland;47.376;8.541
3926;Twitter;MDMA;Nov 02, 2015  ;Nov 05, 2015;Zurich, Switzerland;47.376;8.541
3927;Route 66;MDMA;Nov 02, 2015  ;Nov 05, 2015;Zurich, Switzerland;47.376;8.541
3928;Audi;MDMA;Nov 02, 2015  ;Nov 05, 2015;Zurich, Switzerland;47.376;8.541
3938;Ciprox 500;None Detected;Nov 04, 2015  ;Nov 05, 2015  ;Bronx, NY;40.844;-73.864
3939;Blue Heart 69;2-ethylamino-1-phenylbutane/Acetaminophen;Nov 04, 2015;Nov 05, 2015;Panama City, FL;8.982;-79.519
3942;Audi;MDMA;Nov 07, 2015;Nov 09, 2015;Zurich, Switzerland;47.376;8.541
3943;Ahorn;MDMA;Nov 07, 2015;Nov 09, 2015;Bern, Switzerland;46.948;7.447
3944;Hello Kitty;MDMA;Nov 07, 2015;Nov 09, 2015;Bern, Switzerland;46.948;7.447
3945;Herz;MDMA;Nov 07, 2015;Nov 09, 2015;Bern, Switzerland;46.948;7.447
3946;Philippe Plein;MDMA;Nov 07, 2015;Nov 09, 2015;Bern, Switzerland;46.948;7.447
3947;Turtle;MDMA;Nov 07, 2015;Nov 09, 2015;Bern, Switzerland;46.948;7.447
3948;Mitsubishi;Caffeine/MDMA;Nov 07, 2015;Nov 09, 2015;Bern, Switzerland;46.948;7.447
3949;Whatsapp;MDMA/Caffeine;Nov 09, 2015;Nov 09, 2015;Vienna, Austria;48.208;16.373
3950;Stern;MDMA/3,4-dimethylmethcathinone/Unidentified;Nov 09, 2015;Nov 09, 2015;Vienna, Austria;48.208;16.373
3951;Delfin;Caffeine;Nov 09, 2015;Nov 09, 2015;Vienna, Austria;48.208;16.373
3952;Warner Brothers;MDMA;Nov 09, 2015;Nov 09, 2015;Vienna, Austria;48.208;16.373
3953;2k;MDMA;Nov 09, 2015;Nov 09, 2015;Vienna, Austria;48.208;16.373
3954;Luis Vuitton;MDMA;Nov 09, 2015;Nov 09, 2015;Vienna, Austria;48.208;16.373
3955;Quadrat;MDMA;Nov 09, 2015;Nov 09, 2015;Vienna, Austria;48.208;16.373
3956;Ghost;MDMA;Nov 09, 2015;Nov 09, 2015;Vienna, Austria;48.208;16.373
3957;Route 66;MDMA;Nov 09, 2015;Nov 09, 2015;Vienna, Austria;48.208;16.373
3958;Erdbeere;MDMA;Nov 09, 2015;Nov 09, 2015;Vienna, Austria;48.208;16.373
3959;Würfel;MDMA;Nov 09, 2015;Nov 09, 2015;Vienna, Austria;48.208;16.373
3960;Dominostein;MDMA;Nov 09, 2015;Nov 09, 2015;Vienna, Austria;48.208;16.373
3961;Mignon;MDMA;Nov 09, 2015;Nov 09, 2015;Vienna, Austria;48.208;16.373
3962;2k;MDMA;Nov 09, 2015;Nov 09, 2015;Vienna, Austria;48.208;16.373
3963;2k;MDMA;Nov 09, 2015;Nov 09, 2015;Vienna, Austria;48.208;16.373
3964;Silver;MDMA;Nov 09, 2015;Nov 09, 2015;Vienna, Austria;48.208;16.373
3967;Orange 2K;MDMA;Nov 13, 2015;Nov 24, 2015;Zurich, Switzerland;47.376;8.541
3968;Green Transformer;MDMA;Nov 13, 2015;Nov 24, 2015;Zurich, Switzerland;47.376;8.541
3969;Yellow Breitling;MDMA;Nov 13, 2015;Nov 24, 2015;Zurich, Switzerland;47.376;8.541
3971;Orange Dom Perrignon;MDMA;Nov 13, 2015;Nov 24, 2015;Zurich, Switzerland;47.376;8.541
3972;Yellow Tiger;MDMA;Nov 13, 2015;Nov 24, 2015;Zurich, Switzerland;47.376;8.541
3973;Tesla;MDMA;Nov 20, 2015;Nov 24, 2015;Zurich, Switzerland;47.376;8.541
3974;Apple;MDMA;Nov 20, 2015;Nov 24, 2015;Bern, Switzerland;46.948;7.447
3975;3975  Chupa Chups;MDMA;Nov 20, 2015;Nov 24, 2015;Zurich, Switzerland;47.376;8.541
3976;Dom Pérrignon;MDMA;Nov 20, 2015;Nov 24, 2015;Zurich, Switzerland;47.376;8.541
3977;Grenade;MDMA;Nov 20, 2015;Nov 24, 2015;Zurich, Switzerland;47.376;8.541
3978;Heineken;MDMA;Nov 20, 2015  ;Nov 24, 2015;Bern, Switzerland;46.948;7.447
3979;Herz;MDMA;Nov 20, 2015;Nov 24, 2015;Zurich, Switzerland;47.376;8.541
3980;  Superman  ;MDMA;Nov 20, 2015;Nov 24, 2015;Bern, Switzerland;46.948;7.447
3981;Warner Brothers;MDMA;Nov 20, 2015;Nov 24, 2015;Zurich, Switzerland;47.376;8.541
3982;Blue Lady;Acetaminophen/Heroin/Fentanyl;Nov 25, 2015;Nov 25, 2015;Providence, RI;41.824;-71.412
3987;Xanax;Alprazolam;Nov 25, 2015;Nov 25, 2015;Seneca, SC;34.685;-82.953
3989;Modalert;Modafinil;Nov 25, 2015;Nov 25, 2015;Seattle, WA;47.606;-122.332
3996;Ritalin Tablets;Methylphenidate;Nov 25, 2015;Nov 25, 2015;San Francisco, CA;37.774;-122.419
3997;Green Caplet;None Detected;Nov 25, 2015;Nov 25, 2015;Friendswood, TX;29.529;-95.201
4004;Tesla;MDMA;Nov 26, 2015;Nov 27, 2015;Lincoln Park, NJ;41.921;-87.651
4005;Xanax Bar;Alprazolam;Nov 26, 2015;Nov 27, 2015;Santa Barbara, CA;34.42;-119.698
4011;Eule;MDMA;Dec 04, 2015;Dec 04, 2015;Basel, Switzerland;47.559;7.588
4012;Grolsch;MDMA;Dec 04, 2015;Dec 04, 2015;Zurich, Switzerland;47.376;8.541
4013;Warner Brothers;MDMA;Dec 04, 2015;Dec 04, 2015;Basel, Switzerland;47.559;7.588
4014;Schildkroete;4-Chloromethamphetamine;Dec 09, 2015;Dec 09, 2015;Vienna, Austria;48.208;16.373
4015;Mitsubishi;None Detected;Dec 09, 2015;Dec 09, 2015;Vienna, Austria;48.208;16.373
4016;4016  Handgrenade;MDMA;Dec 09, 2015;Dec 09, 2015;Vienna, Austria;48.208;16.373
4017;Kleeblatt;MDMA;Dec 09, 2015;Dec 09, 2015;Vienna, Austria;48.208;16.373
4018;Route 66;MDMA;Dec 09, 2015;Dec 09, 2015;Vienna, Austria;48.208;16.373
4019;2k;MDMA;Dec 09, 2015;Dec 09, 2015;Vienna, Austria;48.208;16.373
4020;Warner Brothers;MDMA;Dec 09, 2015;Dec 09, 2015;Vienna, Austria;48.208;16.373
4021;Android;MDMA;Dec 09, 2015;Dec 09, 2015;Vienna, Austria;48.208;16.373
4022;Tulpe;MDMA;Dec 09, 2015;Dec 09, 2015;Vienna, Austria;48.208;16.373
4023;Chupa Chups;MDMA;Dec 09, 2015;Dec 09, 2015;Vienna, Austria;48.208;16.373
4024;Krone (Rolex);MDMA;Dec 09, 2015;Dec 09, 2015;Vienna, Austria;48.208;16.373
4025;Lamborghini;MDMA;Dec 09, 2015;Dec 09, 2015;Vienna, Austria;48.208;16.373
4028;Lamborghini;MDMA;Dec 11, 2015;Dec 11, 2015;Zurich, Switzerland;47.376;8.541
4029;Love;MDMA;Dec 11, 2015;Dec 11, 2015;Bern, Switzerland;46.948;7.447
4035;GG 249 White Bar;Alprazolam;Dec 14, 2015;Dec 14, 2015;Houston, TX;297.604;-95.369
4041;Blue Facebook;MDMA;Dec 14, 2015;Dec 14, 2015;Santa Monica, CA;34.019;-118.491
4045;Oxandrolone (Anavar);Oxandrolone;Dec 14, 2015;Dec 14, 2015;Phoenix, AZ;33.448;-112.074
4047;Xanax GG 249;AB-FUBINACA;Dec 14, 2015;Dec 14, 2015;CA;36.778;-119.417
4054;Tan Mercedes;Caffeine/4-CMC/Methoxetamine;Dec 14, 2015;Dec 14, 2015;Singapore;1.352;103.819
4057;Toyota;MDMA/MDA;Dec 21, 2015;Dec 21, 2015;Bern, Switzerland;46.948;7.447
4059;UPS;Caffeine/Lidocaine/Methamphetamine/Benzocaine/Procaine/Acetaminophen;Dec 27, 2015;Dec 27, 2015;San Mateo, CA;37.563;-122.325
4062;Metformin;Unidentified;Dec 27, 2015;Dec 27, 2015;Austin, TX;30.267;-97.743
4066;Blue Mercedes;MDMA/Procaine/Methamphetamine/Caffeine;Dec 27, 2015;Dec 27, 2015;Vancouver, BC, Canada;49.282;-123.12
4083;Modalert;Modafinil;Jan 05, 2016;Jan 05, 2016; United Kingdom;55.378;-3.436
4085;Phentermine A159;Acetaminophen/Chlorpheniramine;Jan 05, 2016;Jan 05, 2016;Wilmingham, NC;39.739;-75.539
4112;Yellow Shield;2C-E;Jan 30, 2016;Jan 30, 2016;Quebec City, Quebec, Canada;46.813;-71.208
4113;Orange Shield;2C-I;Jan 30, 2016;Jan 30, 2016;Quebec City, Quebec, Canada;46.813;-71.208
4114;Patrone;MDMA;Jan 29, 2016;Jan 29, 2016;Zurich, Switzerland;47.376;8.541
4115;Philipp Plein;MDMA;Jan 29, 2016;Jan 29, 2016;Zurich, Switzerland;47.376;8.541
4116;Silver;MDMA;Jan 29, 2016;Jan 29, 2016;Zurich, Switzerland;47.376;8.541
4117;Snapchat;MDMA;Jan 29, 2016;Jan 29, 2016;Zurich, Switzerland;47.376;8.541
4118;The North Face;MDMA;Jan 29, 2016;Jan 29, 2016;Zurich, Switzerland;47.376;8.541
4119;Master Card;MDMA;Jan 29, 2016;Jan 29, 2016;Bern, Switzerland;46.948;7.447
4122;Ferrari Shield;MDMA/Caffeine;Feb 01, 2016;Feb 01, 2016;Stockholm, Sweden;59.329;18.068
4123;Vicodin;Acetaminophen;Feb 01, 2016;Feb 01, 2016;MI;44.314;-85.602
4132;Dark Tablet;5-MeO-DALT/Ethylphenidate/Methiopropamine/Ethylphenylacetate;Feb 02, 2016;Feb 02, 2016;Warren, OH;42.514;-83.014
4134;Gold Bar;MDMA/Methylsulfonylmethane;Feb 02, 2016;Feb 02, 2016;Chicago, IL;41.878;-87.629
4135;Mastercard;MDMA/Caffeine;Jan 29, 2016;Jan 29, 2016;Vienna, Austria;48.208;16.373
4136;Gespenst/Ghost;Caffeine;Jan 29, 2016;Jan 29, 2016;Vienna, Austria;48.208;16.373
4137;Gespenst/Ghost;Unidentified;Jan 29, 2016;Jan 29, 2016;Vienna, Austria;48.208;16.373
4138;Dolce & Gabbana;4-CMC;Jan 29, 2016;Jan 29, 2016;Vienna, Austria;48.208;16.373
4139;Ferrari;MDMA/Caffeine;Jan 29, 2016;Jan 29, 2016;Vienna, Austria;48.208;16.373
4140;Dodge Viper;MDMA;Jan 29, 2016;Jan 29, 2016;Vienna, Austria;48.208;16.373
4141;Baer / Bear;MDMA;Jan 29, 2016;Jan 29, 2016;Vienna, Austria;48.208;16.373
4142;Pyramide;MDMA;Jan 29, 2016;Jan 29, 2016;Vienna, Austria;48.208;16.373
4143;Android;MDMA;Jan 29, 2016;Jan 29, 2016;Vienna, Austria;48.208;16.373
4144;Schleife;MDMA;Jan 29, 2016;Jan 29, 2016;Vienna, Austria;48.208;16.373
4145;Rolex;MDMA;Jan 29, 2016;Jan 29, 2016;Vienna, Austria;48.208;16.373
4146;Hanfblatt;MDMA;Jan 29, 2016;Jan 29, 2016;Vienna, Austria;48.208;16.373
4147;Gespenst/Ghost;MDMA;Jan 29, 2016;Jan 29, 2016;Vienna, Austria;48.208;16.373
4148;Pacman;MDMA;Jan 29, 2016;Jan 29, 2016;Vienna, Austria;48.208;16.373
4149;Erdbeere;MDMA;Jan 29, 2016;Jan 29, 2016;Vienna, Austria;48.208;16.373
4150;Instagram;MDMA;Jan 29, 2016;Jan 29, 2016;Vienna, Austria;48.208;16.373
4151;Warner Brothers;MDMA;Jan 29, 2016;Jan 29, 2016;Vienna, Austria;48.208;16.373
4152;Eule;MDMA;Jan 29, 2016;Jan 29, 2016;Vienna, Austria;48.208;16.373
4153;Nintendo;MDMA;Jan 29, 2016;Jan 29, 2016;Vienna, Austria;48.208;16.373
4154;Superman;MDMA;Jan 29, 2016;Jan 29, 2016;Vienna, Austria;48.208;16.373
4155;Android;MDMA;Jan 29, 2016;Jan 29, 2016;Vienna, Austria;48.208;16.373
4156;Stern;MDMA;Jan 29, 2016;Jan 29, 2016;Vienna, Austria;48.208;16.373
4157;Herz;MDMA;Jan 29, 2016;Jan 29, 2016;Vienna, Austria;48.208;16.373
4158;Hakenkreuz;MDMA;Jan 29, 2016;Jan 29, 2016;Vienna, Austria;48.208;16.373
4159;Tomorrowland;MDMA;Jan 29, 2016;Jan 29, 2016;Vienna, Austria;48.208;16.373
4160;Marienkäfer;MDMA;Jan 29, 2016;Jan 29, 2016;Vienna, Austria;48.208;16.373
4161;Schlagring/Tatze;MDMA;Jan 29, 2016;Jan 29, 2016;Vienna, Austria;48.208;16.373
4162;Red Bull;MDMA;Jan 29, 2016;Jan 29, 2016;Vienna, Austria;48.208;16.373
4163;Audi;MDMA;Jan 29, 2016;Jan 29, 2016;Vienna, Austria;48.208;16.373
4164;Kein Logo;MDMA;Jan 29, 2016;Jan 29, 2016;Vienna, Austria;48.208;16.373
4165;Jumbo;MDMA;Jan 29, 2016;Jan 29, 2016;Vienna, Austria;48.208;16.373
4166;Silver;MDMA;Jan 29, 2016;Jan 29, 2016;Vienna, Austria;48.208;16.373
4167;Sildenafil;Sildenafil;Feb 16, 2016;Feb 16, 2016;India;20.593;78.962
4169;Meditech Anavar;Oxandrolone;Feb 16, 2016;Feb 16, 2016;Chester, PA;53.193;-2.893
4170;Meditech Dianabol;Methandrostenolone;Feb 16, 2016;Feb 16, 2016;Chester, PA;53.193;-2.893
4171;Orange Tesla;MDMA;Feb 16, 2016;Feb 16, 2016;Online, Unknown;53.193;-2.893
4182;Vicodin;Acetaminophen/Diclofenac;Feb 26, 2016;Feb 28, 2016;Atlanta, GA;33.749;-33.749
4183;Apple Logo;2C-B/Caffeine/MDMA;Feb 01, 2016;Mar 08, 2016;Vienna, Austria;48.208;16.373
4184;Note;MDMA;Feb 01, 2016;Mar 08, 2016;Vienna, Austria;48.208;16.373
4185;Windmühle;MDMA;Feb 01, 2016;Mar 08, 2016;Vienna, Austria;48.208;16.373
4186;Legomännchen;MDMA;Feb 01, 2016;Mar 08, 2016;Vienna, Austria;48.208;16.373
4187;Erdbeere;MDMA;Feb 01, 2016;Mar 08, 2016;Vienna, Austria;48.208;16.373
4188;No Name;MDMA;Jan 01, 2016;Mar 08, 2016;Zurich, Switzerland;47.376;8.541
4189;WhatsApp;MDMA;Feb 01, 2016;Mar 08, 2016;Zurich, Switzerland;47.376;8.541
4190;Spongebob;MDMA;Feb 01, 2016;Mar 08, 2016;Zurich, Switzerland;47.376;8.541
4191;PIN;MDMA;Feb 01, 2016;Mar 08, 2016;Zurich, Switzerland;47.376;8.541
4192;Maya-Kopf;MDMA;Feb 01, 2016;Mar 08, 2016;Zurich, Switzerland;47.376;8.541
4193;Li-ion;MDMA;Feb 01, 2016;Mar 08, 2016;Bern, Switzerland;46.948;7.447
4194;Lego;MDMA;Feb 01, 2016;Mar 08, 2016;Bern, Switzerland;46.948;7.447
4195;Kürbis;MDMA;Feb 01, 2016;Mar 08, 2016;Bern, Switzerland;46.948;7.447
4196;Kein Logo;MDMA;Feb 01, 2016;Mar 08, 2016;Zurich, Switzerland;47.376;8.541
4197;Audi;MDMA;Feb 01, 2016;Mar 08, 2016;Zurich, Switzerland;47.376;8.541
4198;Warner Bros;MDMA;Feb 01, 2016;Mar 08, 2016;Bern, Switzerland;46.948;7.447
4199;Maya-Kopf;MDMA;Feb 01, 2016;Mar 08, 2016;Zurich, Switzerland;47.376;8.541
4200;Spongebob;MDMA;Feb 01, 2016;Mar 08, 2016;Zurich, Switzerland;47.376;8.541
4201;Spongebob;MDMA;Feb 01, 2016;Mar 08, 2016;Zurich, Switzerland;47.376;8.541
4203;Ecstasy;Phentermine;Mar 09, 2016;Mar 09, 2016;Cabo San Lucas, Mexico;22.89;-109.916
4206;WATSON 853;Tramadol;Feb 23, 2016;Mar 09, 2016;San Diego, CA;32.715;-117.161
4207;K 25;Palmitic Acid/Stearic Acid/Myristic Acid;Mar 09, 2016;Mar 09, 2016;Oak Hills, CA;34.434;-117.434
4219;Pineapples/Warner;MDMA;Mar 09, 2016;Mar 09, 2016;Online, Unknown;34.434;-117.434
4220;Blue Tablet;MDMA/Methylsulfonylmethane;Mar 09, 2016;Mar 09, 2016;CT;41.603;-73.087
4222;Green Grenade;MDMA;Mar 09, 2016;Mar 09, 2016;Charlotte, NC;35.227;-80.843
4226;Yellow Warner Brothers;MDMA;Mar 09, 2016;Mar 09, 2016;Online, FL;27.664;-81.515
4227;Pink UPS;MDMA;Mar 09, 2016;Mar 09, 2016;Online, FL;27.664;-81.515
4228;Peace;MDMA;Mar 11, 2016;Mar 11, 2016;Zurich, Switzerland;47.376;8.541
4229;Dom Pérignon;MDMA;Mar 11, 2016;Mar 11, 2016;Bern, Switzerland;46.948;7.447
4231;Chupa Chups;MDMA;Mar 11, 2016;Mar 12, 2016;Zurich, Switzerland;47.376;8.541
4232;Dutch Lion;MDMA;Mar 11, 2016;Mar 12, 2016;Bern, Switzerland;46.948;7.447
4233;Berlin;MDMA;Mar 11, 2016;Mar 12, 2016;Zurich, Switzerland;47.376;8.541
4234;Nespresso;MDMA;Mar 11, 2016;Mar 12, 2016;Zurich, Switzerland;47.376;8.541
4235;No Name;MDMA;Mar 11, 2016;Mar 12, 2016;Zurich, Switzerland;47.376;8.541
4236;Om;MDMA;Mar 11, 2016;Mar 12, 2016;Zurich, Switzerland;47.376;8.541
4237;Spongebob;MDMA;Mar 11, 2016;Mar 12, 2016;Zurich, Switzerland;47.376;8.541
4238;Shell;MDMA/Caffeine;Mar 11, 2016;Mar 12, 2016;Zurich, Switzerland;47.376;8.541
4239;Bentley;MDMA;Mar 18, 2016;Mar 18, 2016;Zurich, Switzerland;47.376;8.541
4240;Cherry;MDMA;Mar 18, 2016;Mar 18, 2016;Zurich, Switzerland;47.376;8.541
4241;Frauenbüste;MDMA;Mar 18, 2016;Mar 18, 2016;Zurich, Switzerland;47.376;8.541
4245;Templar Cross;Clonazepam;Mar 20, 2016;Mar 20, 2016;Online, OH, USA;40.417;-82.907
4251;Mastercard;MDMA/Caffeine;Mar 23, 2016;Mar 23, 2016;Vienna, Austria;48.208;16.373
4252;Schildkröte;4-Chloromethamphetamine;Mar 23, 2016;Mar 23, 2016;Vienna, Austria;48.208;16.373
4253;Nespresso;MDMA;Mar 23, 2016;Mar 23, 2016;Vienna, Austria;48.208;16.373
4254;Warner Brothers;MDMA;Mar 23, 2016;Mar 23, 2016;Vienna, Austria;48.208;16.373
4255;Schleife;MDMA;Mar 23, 2016;Mar 23, 2016;Vienna, Austria;48.208;16.373
4256;Heineken;MDMA;Mar 23, 2016;Mar 23, 2016;Vienna, Austria;48.208;16.373
4257;Tomorrow-Land;MDMA;Mar 23, 2016;Mar 23, 2016;Vienna, Austria;48.208;16.373
4258;Joshi;MDMA;Mar 23, 2016;Mar 23, 2016;Vienna, Austria;48.208;16.373
4259;Goldbarren;MDMA;Mar 23, 2016;Mar 23, 2016;Vienna, Austria;48.208;16.373
4260;Minions;MDMA;Mar 23, 2016;Mar 23, 2016;Vienna, Austria;48.208;16.373
4261;Stern;MDMA;Mar 23, 2016;Mar 23, 2016;Vienna, Austria;48.208;16.373
4262;Herz;MDMA;Mar 23, 2016;Mar 23, 2016;Vienna, Austria;48.208;16.373
4272;Blue Smile;MDA/Caffeine;Mar 25, 2016;Mar 25, 2016;Portland, OR;45.523;-122.676
4276;Green Hand Grenade;MDMA;Mar 25, 2016;Mar 25, 2016;Dallas, TX;32.776;-96.797
4280;Lightning Bolt;MDA;Mar 24, 2016;Mar 25, 2016;San Francisco, CA;37.774;-122.419
4281;Roche 10 Valium;Etizolam;Mar 25, 2016;Mar 25, 2016;Richmond, BC, Canada;37.54;-77.436
4282;G3722;Etizolam/Fentanyl;Mar 25, 2016;Mar 25, 2016;Queens, NY;40.728;-73.794
4287;Gucci;Caffeine/MDMA;Apr 05, 2016;Apr 05, 2016;New York, NY;40.712;-74.006
4288;Poop;MDA/MDMA/Methylsulfonylmethane/Procaine/Caffeine/Methylone;Apr 05, 2016;Apr 05, 2016;New York, NY;40.712;-74.006
4292;Snapchat;MDMA;Apr 05, 2016;Apr 05, 2016;Atlanta, GA;33.749;-84.388
4302;Rolls Royce;MDMA/Caffeine;Apr 08, 2016;Apr 10, 2016;Vienna, Austria;48.208;16.373
4303;Kleeblatt;MDMA;Apr 08, 2016;Apr 10, 2016;Vienna, Austria;48.208;16.373
4304;LOVE;MDMA;Apr 08, 2016;Apr 10, 2016;Vienna, Austria;48.208;16.373
4305;Herz;MDMA;Apr 08, 2016;Apr 10, 2016;Vienna, Austria;48.208;16.373
4306;JUMBO;MDMA;Apr 08, 2016;Apr 10, 2016;Vienna, Austria;48.208;16.373
4307;Bentley;MDMA;Apr 08, 2016;Apr 10, 2016;Vienna, Austria;48.208;16.373
4308;Ghost;MDMA;Apr 08, 2016;Apr 10, 2016;Vienna, Austria;48.208;16.373
4309;Herz;MDMA;Apr 08, 2016;Apr 10, 2016;Vienna, Austria;48.208;16.373
4310;Milkshake;MDMA;Apr 08, 2016;Apr 10, 2016;Bern, Switzerland;46.948;7.447
4311;MTV;MDMA;Apr 08, 2016;Apr 10, 2016;Zurich, Switzerland;47.376;8.541
4312;Versace;MDMA;Apr 08, 2016;Apr 10, 2016;Zurich, Switzerland;47.376;8.541
4313;Smiley;2C-B;Apr 08, 2016;Apr 12, 2016;Zurich, Switzerland;47.376;8.541
4314;Stern;MDMA;Apr 08, 2016;Apr 12, 2016;Bern, Switzerland;46.948;7.447
4315;Chupa Chups;MDMA;Apr 08, 2016;Apr 12, 2016;Bern, Switzerland;46.948;7.447
4316;Herzli;MDMA;Apr 08, 2016;Apr 12, 2016;Bern, Switzerland;46.948;7.447
4317;Lautsprecher;MDMA;Apr 08, 2016;Apr 12, 2016;Zurich, Switzerland;47.376;8.541
4318;Monkey;MDMA;Apr 08, 2016;Apr 12, 2016;Bern, Switzerland;46.948;7.447
4319;Pac-Man Geist;MDMA;Apr 08, 2016;Apr 12, 2016;Zurich, Switzerland;47.376;8.541
4320;Rolls Royce;MDMA;Apr 08, 2016;Apr 12, 2016;Bern, Switzerland;46.948;7.447
4321;Spongebob  ;MDMA;Apr 08, 2016;Apr 12, 2016;Zurich, Switzerland;47.376;8.541
4322;Super Mario;MDMA;Apr 08, 2016;Apr 12, 2016;Zurich, Switzerland;47.376;8.541
4326;Viagra;Sildenafil;Apr 13, 2016;Apr 13, 2016;Paoli, PA;40.041;-75.487
4329;Tesla Model S;MDMA;Apr 13, 2016;Apr 13, 2016;Paoli, PA;40.041;-75.487
4337;T-3;None Detected;Apr 22, 2016;Apr 23, 2016;Port Orange, FL;29.138;-80.995
4344;STAR;Caffeine/Methamphetamine;Apr 22, 2016;Apr 23, 2016;New York, NY;40.712;-74.006
4345;Smiley Face;MDA;Apr 22, 2016;Apr 23, 2016;New York, NY;40.712;-74.006
4352;Batterie;MDMA;Apr 26, 2016;Apr 26, 2016;Zurich, Switzerland;47.376;8.541
4353;Philipp Plein  ;MDMA;Apr 26, 2016;Apr 26, 2016;Basel, Switzerland;47.559;7.588
4354;Emoji Teufel ;MDMA;Apr 26, 2016;Apr 26, 2016;Zurich, Switzerland;47.376;8.541
4355;Kein Logo;MDMA;Apr 26, 2016;Apr 26, 2016;Zurich, Switzerland;47.376;8.541
4356;Shell;MDMA;Apr 26, 2016;Apr 26, 2016;Zurich, Switzerland;47.376;8.541
4357;Spongebob;MDMA;Apr 26, 2016;Apr 26, 2016;Basel, Switzerland;47.559;7.588
4358;Versace;MDMA;Apr 26, 2016;Apr 26, 2016;Zurich, Switzerland;47.376;8.541
4364;Gold Coin;N-Ethylpentylone;Apr 26, 2016;Apr 26, 2016;Denver, CO;39.739;-104.99
4365;Gold Paul Frank Monkey;Caffeine/MDMA;Apr 26, 2016;Apr 26, 2016;Washington, DC;47.751;-120.74
4371;Modafinil;Modafinil;Apr 26, 2016;Apr 26, 2016;Online, CA;36.778;-119.417
4384;Silver;MDMA;May 10, 2016;May 11, 2016;Zurich, Switzerland;47.376;8.541
4385;Bentley  ;MDMA;May 10, 2016;May 11, 2016;Zurich, Switzerland;47.376;8.541
4386;Buddha;MDMA;May 10, 2016;May 11, 2016;Zurich, Switzerland;47.376;8.541
4394;Orange Pill;2C-B/MDMA;May 16, 2016;May 16, 2016;Orlando, FL;28.538;-81.379
4396;Xanax;Alprazolam/Acetaminophen/Methylparaben/;May 16, 2016;May 16, 2016;Online, IL;40.633;-40.633
4398;Red M;TFMPP/Caffeine/BZP/Methamphetamine;May 16, 2016;May 16, 2016;New York, NY;40.712;-74.006
4399;Heisenberg (Walter White);MDMA;May 16, 2016;May 16, 2016;New York, NY;40.712;-74.006
4400;Facebook;MDMA;May 16, 2016;May 16, 2016;New York, NY;40.712;-74.006
4404;Audi;MDMA;May 18, 2016;May 18, 2016;Zurich, Switzerland;47.376;8.541
4405;Tatze;MDMA;May 18, 2016;May 18, 2016;Zurich, Switzerland;47.376;8.541
4406;Harley Davidson;MDMA;May 18, 2016;May 18, 2016;Zurich, Switzerland;47.376;8.541
4408;Pinky;MDMA;May 24, 2016;May 25, 2016;Munich, Bayern, Germany;48.135;11.582
4414;Instagram;MDA/MDMA/Methylsulfonylmethane/Cocaine;May 24, 2016;May 25, 2016;Oakland, CA;37.804;-122.271
4417;Purple Hotdog;MDA 2-aldoxime analog/MDA/Methylsulfonylmethane;May 24, 2016;May 25, 2016;San Leandro, CA;37.724;-122.156
4418;Red Supreme;MDMA;May 24, 2016;May 25, 2016;Online;37.724;-122.156
4421;Percocet;Acetaminophen/Aceclofenac;May 24, 2016;May 25, 2016;Online, India;20.593;78.962
4424;Pink Domino;MDMA;May 24, 2016;May 25, 2016;Online;20.593;78.962
4425;Oxycodone;Oxycodone;May 24, 2016;May 25, 2016;Los Angeles, CA;34.052;-118.243
4430;Blue Tesla;MDMA;May 24, 2016;May 25, 2016;Online, Netherlands;52.132;5.291
4431;MDMA/tablet;MDMA;May 24, 2016;May 25, 2016;Germany;51.165;10.451
4433;Clonazepam;Clonazolam;May 24, 2016;May 25, 2016;Online, Norway;60.472;8.468
4434;Roxicodone;Heroin/DXM/Caffeine;Jun 02, 2016;Jun 02, 2016;Online, Phillipines;12.879;121.774
4440;Blue Dolce & Gabbana;Caffeine/Methamphetamine;Jun 02, 2016;Jun 02, 2016;Baton Rouge, LA;30.458;-91.14
4441;Green Dolce & Gabbana;Caffeine/Methamphetamine;Jun 02, 2016;Jun 02, 2016;Baton Rouge, LA;30.458;-91.14
4442;Generic Methylphenidate;Diazepam;Jun 02, 2016;Jun 02, 2016;Tijuana, Online, Mexico;32.514;-117.038
4452;Superman Pokeball;MDMA;Jun 02, 2016;Jun 02, 2016;Orange County, CA;33.717;-117.831
4453;Warner Brothers;MDMA/4-CEC;Jun 16, 2016;Jun 17, 2016;Vienna, Austria;48.208;16.373
4454;Ace of Spades;MDMA/MDA;Jun 16, 2016;Jun 17, 2016;Vienna, Austria;48.208;16.373
4455;Erdbeere;MDMA;Jun 16, 2016;Jun 17, 2016;Vienna, Austria;48.208;16.373
4456;Affe;MDMA;Jun 16, 2016;Jun 17, 2016;Vienna, Austria;48.208;16.373
4457;Erdbeere;MDMA;Jun 16, 2016;Jun 17, 2016;Vienna, Austria;48.208;16.373
4458;Rolex;MDMA;Jun 16, 2016;Jun 17, 2016;Vienna, Austria;48.208;16.373
4459;4459  FC Barcelona;MDMA;Jun 16, 2016;Jun 17, 2016;Vienna, Austria;48.208;16.373
4460;Burger King;MDMA;Jun 16, 2016;Jun 17, 2016;Vienna, Austria;48.208;16.373
4461;Domino-Stein ;MDMA;Jun 16, 2016;Jun 17, 2016;Vienna, Austria;48.208;16.373
4462;Defqon. 1;MDMA;Jun 16, 2016;Jun 17, 2016;Vienna, Austria;48.208;16.373
4463;Totenkopf;MDMA;Jun 16, 2016;Jun 17, 2016;Vienna, Austria;48.208;16.373
4464;Coca Cola;MDMA;Jun 16, 2016;Jun 17, 2016;Vienna, Austria;48.208;16.373
4465;Mafia;MDMA;Jun 16, 2016;Jun 17, 2016;Vienna, Austria;48.208;16.373
4466;Dom Perignon;MDMA;Jun 16, 2016;Jun 17, 2016;Vienna, Austria;48.208;16.373
4467;Maserati;MDMA;Jun 16, 2016;Jun 17, 2016;Vienna, Austria;48.208;16.373
4468;Minion;MDMA;Jun 16, 2016;Jun 17, 2016;Vienna, Austria;48.208;16.373
4469;Darth Vader;MDMA;Jun 16, 2016;Jun 17, 2016;Vienna, Austria;48.208;16.373
4470;Domino-stein;MDMA;Jun 16, 2016;Jun 17, 2016;Vienna, Austria;48.208;16.373
4471;Porsche;MDMA;Jun 16, 2016;Jun 17, 2016;Vienna, Austria;48.208;16.373
4473;Red Bull;MDMA;Jun 16, 2016;Jun 17, 2016;Zurich, Switzerland;47.376;8.541
4474;Minion;MDMA;Jun 16, 2016;Jun 17, 2016;Zurich, Switzerland;47.376;8.541
4475;Nespresso;MDMA;Jun 16, 2016;Jun 17, 2016;Zurich, Switzerland;47.376;8.541
4476;Porsche;MDMA;Jun 16, 2016;Jun 17, 2016;Zurich, Switzerland;47.376;8.541
4477;Tulpe;MDMA;Jun 16, 2016;Jun 17, 2016;Zurich, Switzerland;47.376;8.541
4481;Music On;MDMA;Jun 21, 2016;Jun 21, 2016;Zurich, Switzerland;47.376;8.541
4486;Purple Lamborghini;MDMA;Jun 21, 2016;Jun 22, 2016;Portland, OR;45.523;-122.676
4487;Peach Tesla;MDMA;Jun 21, 2016;Jun 22, 2016;Portland, OR;45.523;-122.676
4488;Red Coca Cola;MDMA;Jun 21, 2016;Jun 22, 2016;Sacramento, CA, USA;38.581;-121.494
4492;Omega;TFMPP/Imino-triphenyl-phosphorane;Jun 21, 2016;Jun 22, 2016;San Antonio, TX;29.424;-98.493
4493;Alprazolam;Alprazolam;Jun 21, 2016;Jun 22, 2016;Austin, TX;30.267;-97.743
4500;BMW;MDMA;Jun 21, 2016;Jun 22, 2016;Dallas, TX;32.776;-96.797
4502;Xanax;Melatonin;Jun 21, 2016;Jun 22, 2016;Walnut Creek, CA;37.91;-122.065
4503;Blue Paul Frank Monkey;Caffeine/MDA/MDA 2-aldoxime analog;Jun 21, 2016;Jun 22, 2016;Las Vegas, NV;36.169;-115.139
4505;Bentley;MDMA;Jun 30, 2016;Jun 30, 2016;Bern, Switzerland;46.948;7.447
4506;Tesla;MDMA;Jun 30, 2016;Jun 30, 2016;Zurich, Switzerland;47.376;8.541
4507;MTV;MDMA;Jun 30, 2016;Jun 30, 2016;Zurich, Switzerland;47.376;8.541
4508;Rakete  ;MDMA;Jun 30, 2016;Jun 30, 2016;Zurich, Switzerland;47.376;8.541
4509;Green Tablet;Tadalafil;Jun 30, 2016;Jun 30, 2016;Montreal, Quebec, Canada;45.501;-73.567
4513;Blue Paul Frank Monkey Bape;Caffeine/MDA/MDA 2-aldoxime analog;Jun 30, 2016;Jun 30, 2016;Miami, FL;25.761;-80.191
4516;Amsterdam Mini;Palmitic Acid/Stearic Acid;Jun 30, 2016;Jun 30, 2016;Portland, OR;45.523;-122.676
4522;Molly;Modafinil;Jun 30, 2016;Jun 30, 2016;San Francisco, CA;37.774;-122.419
4523;Heisenberg;Caffeine/Methamphetamine;Jun 30, 2016;Jun 30, 2016;Tampa, FL;27.95;-82.457
4526;Three Wise Monkeys;MDMA;Jul 02, 2016;Jul 02, 2016;Zurich, Switzerland;47.376;8.541
4527;Apple;MDMA;Jul 02, 2016;Jul 02, 2016;Zurich, Switzerland;47.376;8.541
4528;Dom Pérignon;MDMA;Jul 02, 2016;Jul 02, 2016;Zurich, Switzerland;47.376;8.541
4529;Gold;MDMA;Jul 02, 2016;Jul 02, 2016;Zurich, Switzerland;47.376;8.541
4530;MTV;MDMA;Jul 02, 2016;Jul 02, 2016;Zurich, Switzerland;47.376;8.541
4531;Playboy;MDMA;Jul 02, 2016;Jul 02, 2016;Bern, Switzerland;46.948;7.447
4532;Spongebob;MDMA;Jul 02, 2016;Jul 02, 2016;Zurich, Switzerland;47.376;8.541
4533;Tulpe;MDMA;Jul 02, 2016;Jul 02, 2016;Zurich, Switzerland;47.376;8.541
4535;Tulpe;MDMA;Jul 09, 2016;Jul 09, 2016;Zurich, Switzerland;47.376;8.541
4540;6-APB;5-APDB;Jul 09, 2016;Jul 10, 2016;New York, NY;40.712;-74.006
4541;Checco;Unidentified;Jul 09, 2016;Jul 10, 2016;Grasso, RI;41.58;-41.58
4542;Hello Kitty;MDMA;Jul 09, 2016;Jul 10, 2016;New York, NY;40.712;-74.006
4550;Alprazolam;Alprazolam;Jul 22, 2016;Jul 22, 2016;San Antonio, CA;29.424;-29.424
4555;Eule;MDMA;Jul 25, 2016;Jul 26, 2016;Zurich, Switzerland;47.376;8.541
4556;Music On;MDMA;Jul 25, 2016;Jul 26, 2016;Zurich, Switzerland;47.376;8.541
4557;Tesla;MDMA;Jul 25, 2016;Jul 26, 2016;Zurich, Switzerland;47.376;8.541
4558;Frau;MDMA/Caffeine;Jul 25, 2016;Jul 26, 2016;Zurich, Switzerland;47.376;8.541
4559;iPhone/Apple;MDMA;Jul 25, 2016;Jul 26, 2016;Bern, Switzerland;46.948;7.447
4560;Mandala;Caffeine/Caffeine/Caffeine;Jul 25, 2016;Jul 26, 2016;Bern, Switzerland;46.948;7.447
4561;Mitsubishi;Caffeine/MDMA;Jul 25, 2016;Jul 26, 2016;Vienna, Austria;48.208;16.373
4562;Shell;MDMA/Caffeine;Jul 25, 2016;Jul 26, 2016;Vienna, Austria;48.208;16.373
4563;VW  ;Acetaminophen;Jul 25, 2016;Jul 26, 2016;Vienna, Austria;48.208;16.373
4564;Kleeblatt;Caffeine;Jul 25, 2016;Jul 26, 2016;Vienna, Austria;48.208;16.373
4565;Tomorrow-Land;MDMA;Jul 25, 2016;Jul 26, 2016;Vienna, Austria;48.208;16.373
4566;Erdbeere;MDMA;Jul 25, 2016;Jul 26, 2016;Vienna, Austria;48.208;16.373
4567;Red Bull;MDMA;Jul 25, 2016;Jul 26, 2016;Vienna, Austria;48.208;16.373
4568;Red Bull;MDMA;Jul 25, 2016;Jul 26, 2016;Vienna, Austria;48.208;16.373
4569;Dominostein;MDMA;Jul 25, 2016;Jul 26, 2016;Vienna, Austria;48.208;16.373
4570;Dominostein;MDMA;Jul 25, 2016;Jul 26, 2016;Vienna, Austria;48.208;16.373
4571;Dominostein;MDMA;Jul 25, 2016;Jul 26, 2016;Vienna, Austria;48.208;16.373
4572;Dominostein;MDMA;Jul 25, 2016;Jul 26, 2016;Vienna, Austria;48.208;16.373
4573;Chanel;MDMA;Jul 25, 2016;Jul 26, 2016;Vienna, Austria;48.208;16.373
4574;Affe;MDMA;Jul 25, 2016;Jul 26, 2016;Vienna, Austria;48.208;16.373
4576;Love (Handzeichen)/Peace;MDMA;Jul 25, 2016;Jul 26, 2016;Vienna, Austria;48.208;16.373
4577;Peace;MDMA;Jul 25, 2016;Jul 26, 2016;Vienna, Austria;48.208;16.373
4578;Silver;MDMA;Jul 25, 2016;Jul 26, 2016;Vienna, Austria;48.208;16.373
4579;Silver;MDMA;Jul 25, 2016;Jul 26, 2016;Vienna, Austria;48.208;16.373
4580;Walter White;MDMA;Jul 25, 2016;Jul 26, 2016;Vienna, Austria;48.208;16.373
4581;Burger King;MDMA;Jul 25, 2016;Jul 26, 2016;Vienna, Austria;48.208;16.373
4582;The North Face;MDMA;Jul 25, 2016;Jul 26, 2016;Vienna, Austria;48.208;16.373
4583;Chupa Chups;MDMA;Jul 25, 2016;Jul 26, 2016;Vienna, Austria;48.208;16.373
4584;Porsche;MDMA;Jul 25, 2016;Jul 26, 2016;Vienna, Austria;48.208;16.373
4585;Batman;MDMA;Jul 25, 2016;Jul 26, 2016;Vienna, Austria;48.208;16.373
4586;Darth Vader ;MDMA;Jul 25, 2016;Jul 26, 2016;Vienna, Austria;48.208;16.373
4587;Maserati;MDMA;Jul 25, 2016;Jul 26, 2016;Vienna, Austria;48.208;16.373
4588;Maserati;MDMA;Jul 25, 2016;Jul 26, 2016;Vienna, Austria;48.208;16.373
4589;Anonymous Mask;MDMA;Jul 25, 2016;Jul 26, 2016;Vienna, Austria;48.208;16.373
4590;Warner Brothers;MDMA;Jul 25, 2016;Jul 26, 2016;Vienna, Austria;48.208;16.373
4591;Herzförmig;MDMA;Jul 25, 2016;Jul 26, 2016;Vienna, Austria;48.208;16.373
4592;Love/Herz;MDMA;Jul 25, 2016;Jul 26, 2016;Vienna, Austria;48.208;16.373
4594;Rock n´Roll;MDMA;Jul 25, 2016;Jul 26, 2016;Vienna, Austria;48.208;16.373
4595;CP;MDMA;Jul 25, 2016;Jul 26, 2016;Vienna, Austria;48.208;16.373
4596;Batman ;MDMA;Jul 25, 2016;Jul 26, 2016;Vienna, Austria;48.208;16.373
4597;Playboyhase;MDMA;Jul 25, 2016;Jul 26, 2016;Vienna, Austria;48.208;16.373
4598;Tesla  ;MDMA;Jul 25, 2016;Jul 26, 2016;Vienna, Austria;48.208;16.373
4599;Drache;MDMA;Jul 25, 2016;Jul 26, 2016;Vienna, Austria;48.208;16.373
4600;Rockstar;MDMA;Jul 25, 2016;Jul 26, 2016;Vienna, Austria;48.208;16.373
4601;Totenkopf;MDMA;Jul 25, 2016;Jul 26, 2016;Vienna, Austria;48.208;16.373
4602;Rolex;MDMA;Jul 25, 2016;Jul 26, 2016;Vienna, Austria;48.208;16.373
4603;Patrone;MDMA;Jul 25, 2016;Jul 26, 2016;Vienna, Austria;48.208;16.373
4606;Tesla;MDMA;Jul 30, 2016;Aug 01, 2016;Zurich, Switzerland;47.376;8.541
4607;Tom Tom  ;MDMA;Jul 30, 2016;Aug 01, 2016;Bern, Switzerland;46.948;7.447
4608;Lacoste;MDMA;Jul 30, 2016;Aug 01, 2016;Zurich, Switzerland;47.376;8.541
4614;Anti-anxiety pill;Alprazolam;Aug 02, 2016;Aug 02, 2016;Los Angeles, CA;34.052;-118.243
4615;No name;None Detected;Aug 02, 2016;Aug 02, 2016;Clarkston, MI;42.735;-83.419
4619;Green Tesla;MDMA;Aug 02, 2016;Aug 02, 2016;Somerset, United Kingdom;51.105;-2.926
4721;Tesla;MDMA;Aug 30, 2016;Sep 07, 2016;Zurich, Switzerland;47.376;8.541
4722;Lebara;MDMA;Sep 02, 2016;Sep 07, 2016;Zurich, Switzerland;47.376;8.541
4723;Kürbis;MDMA;Aug 31, 2016;Sep 07, 2016;Bern, Switzerland;46.948;7.447
4724;MTV;MDMA;Sep 02, 2016;Sep 07, 2016;Zurich, Switzerland;47.376;8.541
4727;Silver Bar;MDMA;Sep 07, 2016;Sep 07, 2016;Bay Area, Online, Unknown;37.827;-122.291
4728;Red Supreme;MDMA;Sep 07, 2016;Sep 07, 2016;Bay Area, Online;37.827;-122.291
4734;Alprazolam;Fentanyl;Sep 07, 2016;Sep 07, 2016;Long Beach, CA;33.77;-118.193
4736;Codeine;Codeine;Sep 07, 2016;Sep 07, 2016;Belize City, Belize;17.189;-88.497
4738;Orange Owl;MDMA;Sep 07, 2016;Sep 07, 2016;Phoenix, AZ;33.448;-112.074
4742;Red Monkey;MDMA/Caffeine/Diphenhydramine;Sep 07, 2016;Sep 07, 2016;Tampa, FL;27.95;-82.457
4747;Piaggio;MDMA;Sep 06, 2016;Sep 09, 2016;Zurich, Switzerland;47.376;8.541
4748;Warner Brothers;MDMA;Sep 06, 2016;Sep 09, 2016;Zurich, Switzerland;47.376;8.541
4749;Dexedrine;Caffeine/Amphetamines;Sep 22, 2016;Sep 22, 2016;Houston, TX;29.76;-95.369
4750;Superman;MDMA;Sep 13, 2016;Sep 13, 2016;Zurich, Switzerland;47.376;8.541
4751;Yellow Xanax Bar;Alprazolam;Sep 22, 2016;Sep 22, 2016;Houston, TX;29.76;-95.369
4752;Green Xanax Bar;Alprazolam;Sep 22, 2016;Sep 22, 2016;Houston, TX;29.76;-95.369
4759;Orange Tesla;MDMA;Sep 22, 2016;Sep 22, 2016;Riverdale, NJ;33.572;-84.413
4762;Molly (Blue Pill);Caffeine/MDA 2-aldoxime analog/MDA/Phenacetin;Sep 22, 2016;Sep 22, 2016;St. Paul, MN;44.953;-93.09
4767;Paul Frank Yellow;2C-B;Sep 28, 2016;Sep 28, 2016;Zurich, Switzerland;47.376;8.541
4768;Go Pro;MDMA;Sep 17, 2016;Sep 28, 2016;Zurich, Switzerland;47.376;8.541
4769;Bentley 8;MDMA;Sep 17, 2016;Sep 28, 2016;Zurich, Switzerland;47.376;8.541
4770;Durex;MDMA;Sep 17, 2016;Sep 28, 2016;Zurich, Switzerland;47.376;8.541
4771;Superman;MDMA;Sep 17, 2016;Sep 28, 2016;Zurich, Switzerland;47.376;8.541
4772;Tesla;MDMA;Sep 21, 2016;Sep 28, 2016;Bern, Switzerland;46.948;7.447
4773;Tesla;MDMA;Sep 17, 2016;Sep 28, 2016;Zurich, Switzerland;47.376;8.541
4774;Apple;MDMA;Sep 17, 2016;Sep 28, 2016;Zurich, Switzerland;47.376;8.541
4775;Apple;MDMA;Sep 17, 2016;Sep 28, 2016;Zurich, Switzerland;47.376;8.541
4776;Joker;MDMA;Sep 21, 2016;Sep 28, 2016;Bern, Switzerland;46.948;7.447
4779;Zolpidem Tablet;Zolpidem;Sep 29, 2016;Sep 29, 2016;Spokane, WA;47.658;-117.426
4781;Oval Tablet;Elaidic acid/None Detected/Palmitic Acid/Stearic Acid;Sep 29, 2016;Sep 29, 2016;Dunwoody, GA;33.946;-84.334
4786;NYC;Ketamine/Promethazine/Diazepam;Sep 29, 2016;Sep 29, 2016;FL;27.664;-81.515
4791;Mickey Mouse;Caffeine/Methamphetamine;Sep 29, 2016;Sep 29, 2016;San Francisco, CA;37.774;-122.419
4792;Anonymous;MDMA/4-Fluoromethylphenidate;Sep 29, 2016;Sep 29, 2016;New York, NY;40.712;-74.006
4793;Mini Punisher;MDMA/4-Fluoromethylphenidate;Sep 29, 2016;Sep 29, 2016;New York, NY;40.712;-74.006
4795;Tulpe;MDMA;Sep 23, 2016;Oct 01, 2016;Zurich, Switzerland;47.376;8.541
4796;Loewenwappen;2C-B;Sep 29, 2016;Oct 01, 2016;Bern, Switzerland;46.948;7.447
4798;Nespresso;MDMA;Sep 29, 2016;Oct 07, 2016;Zurich, Switzerland;47.376;8.541
4799;Supermario;MDMA;Oct 01, 2016;Oct 07, 2016;Bern, Switzerland;46.948;7.447
4800;Supermario 2;MDMA;Oct 01, 2016;Oct 07, 2016;Bern, Switzerland;46.948;7.447
4801;MTV  ;MDMA;Oct 01, 2016;Oct 07, 2016;Bern, Switzerland;46.948;7.447
4802;Lego;MDMA;Oct 05, 2016;Oct 07, 2016;Bern, Switzerland;46.948;7.447
4803;Kuerbis;MDMA;Oct 01, 2016;Oct 07, 2016;Bern, Switzerland;46.948;7.447
4805;Domino;MDMA;Oct 01, 2016;Oct 07, 2016;Bern, Switzerland;46.948;7.447
4806;Tomorrowland;MDMA;Oct 04, 2016;Oct 07, 2016;Zurich, Switzerland;47.376;8.541
4807;Defqon;MDMA;Oct 01, 2016;Oct 07, 2016;Bern, Switzerland;46.948;7.447
4808;Smiley;2C-B;Oct 01, 2016;Oct 07, 2016;Bern, Switzerland;46.948;7.447
4810;Thizz;Caffeine/Amphetamines/Alprazolam;Oct 11, 2016;Oct 11, 2016;Dallas, TX;32.776;-96.797
4812;UPS;MDMA;Oct 11, 2016;Oct 11, 2016;Seattle, WA;47.606;-122.332
4813;Tomorrowland;MDMA;Oct 11, 2016;Oct 11, 2016;Seattle, WA;47.606;-122.332
4815;Minion;MDMA;Sep 15, 2016;Oct 12, 2016;Vienna, Austria;48.208;16.373
4817;Minion;MDMA;Sep 15, 2016;Oct 12, 2016;Vienna, Austria;48.208;16.373
4818;Kleeblatt;MDMA;Sep 15, 2016;Oct 12, 2016;Vienna, Austria;48.208;16.373
4819;2K;MDMA;Sep 15, 2016;Oct 12, 2016;Vienna, Austria;48.208;16.373
4821;Eule 1;MDMA;Sep 15, 2016;Oct 12, 2016;Vienna, Austria;48.208;16.373
4822;Harley Davidson;MDMA;Sep 15, 2016;Oct 12, 2016;Vienna, Austria;48.208;16.373
4823;Popcorn;MDMA;Sep 15, 2016;Oct 12, 2016;Vienna, Austria;48.208;16.373
4824;Defqon;MDMA;Sep 15, 2016;Oct 12, 2016;Vienna, Austria;48.208;16.373
4825;Heineken;MDMA;Sep 15, 2016;Oct 12, 2016;Vienna, Austria;48.208;16.373
4826;Peace Sign;MDMA;Sep 15, 2016;Oct 12, 2016;Vienna, Austria;48.208;16.373
4827;K2;MDMA;Sep 15, 2016;Oct 12, 2016;Vienna, Austria;48.208;16.373
4828;Tomorrowland;MDMA;Sep 15, 2016;Oct 12, 2016;Vienna, Austria;48.208;16.373
4829;Dom Perignon;MDMA;Sep 15, 2016;Oct 12, 2016;Vienna, Austria;48.208;16.373
4830;Skull with Star;MDMA;Sep 15, 2016;Oct 12, 2016;Vienna, Austria;48.208;16.373
4831;Vodafon;MDMA;Sep 15, 2016;Oct 12, 2016;Vienna, Austria;48.208;16.373
4833;Herz;Metandienone;Oct 12, 2016;Oct 12, 2016;Vienna, Austria;48.208;16.373
4834;Rolls Royce;MDMA/Caffeine;Oct 12, 2016;Oct 12, 2016;Vienna, Austria;48.208;16.373
4835;Rolex 1;2C-B;Oct 12, 2016;Oct 12, 2016;Vienna, Austria;48.208;16.373
4837;Kürbis;MDMA;Oct 12, 2016;Oct 12, 2016;Vienna, Austria;48.208;16.373
4838;XTC;MDMA;Oct 12, 2016;Oct 12, 2016;Vienna, Austria;48.208;16.373
4839;Eule 2;MDMA;Oct 12, 2016;Oct 12, 2016;Vienna, Austria;48.208;16.373
4840;Domino ;MDMA;Oct 12, 2016;Oct 12, 2016;Vienna, Austria;48.208;16.373
4841;Love/Herz;MDMA;Oct 12, 2016;Oct 12, 2016;Vienna, Austria;48.208;16.373
4842;Flügel;MDMA;Oct 12, 2016;Oct 12, 2016;Vienna, Austria;48.208;16.373
4843;C;MDMA;Oct 12, 2016;Oct 12, 2016;Vienna, Austria;48.208;16.373
4845;KitKat;MDMA;Oct 12, 2016;Oct 12, 2016;Vienna, Austria;48.208;16.373
4848;LV/Louis Vuitton;MDMA;Oct 14, 2016;Oct 14, 2016;Zurich, Switzerland;47.376;8.541
4851;Cry Later;MDMA;Oct 14, 2016;Oct 14, 2016;Bern, Switzerland;46.948;7.447
4852;Laugh Now;MDMA;Oct 12, 2016;Oct 14, 2016;Bern, Switzerland;46.948;7.447
4855;UPS;MDMA;Oct 19, 2016;Oct 20, 2016;Los Angeles, CA;34.052;-118.243
4856;No name;Palmitic Acid/Stearic Acid;Oct 20, 2016;Oct 20, 2016;Pacific Grove, CA;36.617;-121.916
4857;White Tablet;Tramadol;Oct 20, 2016;Oct 20, 2016;Online, India;20.593;78.962
4862;Red Ferrari ;PMMA;Oct 19, 2016;Oct 20, 2016;Sinsheim, Baden-Wuerttemberg, Germany;49.248;8.888
4863;Green Paul Frank Monkey;Caffeine/Synthesis Byproducts/MDMA Methylene homolog/Ketamine/Lidocaine;Oct 11, 2016;Oct 20, 2016;Altamonte Springs, FL;28.661;-81.365
4864;Alprazolam;Alprazolam;Oct 11, 2016;Oct 20, 2016;Long Beach, CA;33.77;-118.193
4867;No name;Acetaminophen/Tramadol;Oct 20, 2016;Oct 20, 2016;Torrance, CA;33.835;-118.34
4868;FC Barcelona;MDMA;Oct 14, 2016;Oct 21, 2016;Basel, Switzerland;47.559;7.588
4872;Music On;MDMA;Oct 19, 2016;Oct 21, 2016;Basel, Switzerland;47.559;7.588
4874;Tapentadol;Tapentadol;Oct 28, 2016;Oct 28, 2016;Online, India;20.593;78.962
4876;Tomorrowland;MDMA;Oct 28, 2016;Oct 28, 2016;Online, Unknown;20.593;78.962
4879;Tomorrowland (SB);MDMA;Oct 28, 2016;Oct 28, 2016;Online, Unknown;20.593;78.962
4882;EA7;MDMA;Oct 26, 2016;Oct 29, 2016;Basel, Switzerland;47.559;7.588
4884;Blue Oxycodone;Oxycodone;Nov 03, 2016;Nov 04, 2016;Riverside, CA;33.953;-117.396
4885;Red Tesla;MDMA;Nov 03, 2016;Nov 04, 2016;Tukwila, WA;47.474;-122.261
4886;Green Super Mario;Caffeine/MDMA;Nov 03, 2016;Nov 04, 2016;Helsinki, Finland;60.169;24.938
4887;Xanax;Alprazolam;Nov 03, 2016;Nov 04, 2016;Phoenix, AZ;33.448;-112.074
4889;No name; 4-fluoro-alpha-PVP;Nov 03, 2016;Nov 04, 2016;Online, Europe;54.526;15.255
4891;Yellow Tablet;Acetaminophen/Tramadol;Nov 03, 2016;Nov 04, 2016;Online, India;20.593;78.962
4894;Warner Brothers;MDMA;Oct 28, 2016;Nov 04, 2016;Zurich, Switzerland;47.376;8.541
4895;Smiley;MDMA;Nov 01, 2016;Nov 04, 2016;Zurich, Switzerland;47.376;8.541
4896;Eule;MDMA;Nov 02, 2016;Nov 04, 2016;Bern, Switzerland;46.948;7.447
4897;Tulpe;MDMA;Oct 29, 2016;Nov 04, 2016;Bern, Switzerland;46.948;7.447
4898;Heart;MDMA;Oct 29, 2016;Nov 04, 2016;Bern, Switzerland;46.948;7.447
4899;Love;MDMA;Oct 29, 2016;Nov 04, 2016;Bern, Switzerland;46.948;7.447
4900;Pokemon  ;MDMA;Nov 08, 2016;Nov 15, 2016;Zurich, Switzerland;47.376;8.541
4901;Super Mario;MDMA;Nov 09, 2016;Nov 15, 2016;Bern, Switzerland;46.948;7.447
4902;Lamborghini;MDMA;Nov 08, 2016;Nov 15, 2016;Zurich, Switzerland;47.376;8.541
4903;Tom Tom;MDMA;Nov 08, 2016;Nov 15, 2016;Zurich, Switzerland;47.376;8.541
4904;Tesla;MDMA;Nov 08, 2016;Nov 15, 2016;Zurich, Switzerland;47.376;8.541
4913;Tesla;MDMA;Nov 15, 2016;Nov 16, 2016;Online, Unknown;47.376;8.541
4918;Rolls Royce  ;MDMA;Nov 17, 2016;Nov 17, 2016;Vienna, Austria;48.208;16.373
4919;Trojka;MDMA;Nov 17, 2016;Nov 17, 2016;Vienna, Austria;48.208;16.373
4920;Underground;MDMA;Nov 17, 2016;Nov 17, 2016;Vienna, Austria;48.208;16.373
4921;Underground;MDMA;Nov 17, 2016;Nov 17, 2016;Vienna, Austria;48.208;16.373
4922;Dom Perignon;MDMA;Nov 17, 2016;Nov 17, 2016;Vienna, Austria;48.208;16.373
4923;Minion;MDMA;Nov 17, 2016;Nov 17, 2016;Vienna, Austria;48.208;16.373
4924;Flügel;MDMA;Nov 17, 2016;Nov 17, 2016;Vienna, Austria;48.208;16.373
4925;Keeblatt;MDMA;Nov 17, 2016;Nov 17, 2016;Vienna, Austria;48.208;16.373
4926;Flasche SPA;MDMA;Nov 17, 2016;Nov 17, 2016;Vienna, Austria;48.208;16.373
4927;Philipp Plein;MDMA;Nov 17, 2016;Nov 17, 2016;Vienna, Austria;48.208;16.373
4932;Twitter;MDMA;Nov 12, 2016;Nov 18, 2016;Zurich, Switzerland;47.376;8.541
4933;Super Mario;MDMA;Nov 15, 2016;Nov 18, 2016;Zurich, Switzerland;47.376;8.541
4934;Stern;MDMA;Nov 12, 2016;Nov 18, 2016;Zurich, Switzerland;47.376;8.541
4935;Stern;MDMA;Nov 12, 2016;Nov 18, 2016;Zurich, Switzerland;47.376;8.541
4936;Shell;MDMA;Nov 12, 2016;Nov 18, 2016;Zurich, Switzerland;47.376;8.541
4937;Pikachu;MDMA;Nov 12, 2016;Nov 18, 2016;Zurich, Switzerland;47.376;8.541
4938;Löwe/lion;MDMA;Nov 12, 2016;Nov 18, 2016;Zurich, Switzerland;47.376;8.541
4939;Mastercard;MDMA;Nov 05, 2016;Nov 18, 2016;Zurich, Switzerland;47.376;8.541
4940;Dove  ;MDMA;Nov 12, 2016;Nov 18, 2016;Zurich, Switzerland;47.376;8.541
4941;Cry Later;MDMA;Nov 12, 2016;Nov 18, 2016;Zurich, Switzerland;47.376;8.541
4942;Cry Later ;MDMA;Nov 12, 2016;Nov 18, 2016;Zurich, Switzerland;47.376;8.541
4943;Nespresso;MDMA;Nov 22, 2016;Nov 25, 2016;Zurich, Switzerland;47.376;8.541
4944;White Tablet;Alprazolam;Nov 23, 2016;Nov 28, 2016;Online;34.42;-119.698
4950;Norco;Acetaminophen/Hydrocodone;Nov 23, 2016;Nov 28, 2016;Online;34.42;-119.698
4951;Blue Pikachu;MDMA/Methylsulfonylmethane;Nov 23, 2016;Nov 28, 2016;Santa Barbara, CA;34.42;-119.698
4952;Yellow Legoman;MDMA;Nov 23, 2016;Nov 28, 2016;Santa Barbara, CA;34.42;-119.698
4953;Yellow Atari ;MDMA/Caffeine/MDA;Nov 23, 2016;Nov 28, 2016;Santa Barbara, CA;34.42;-119.698
4954;Vans;MDMA;Nov 23, 2016;Nov 28, 2016;Online;34.42;-119.698
4956;Tulpe;MDMA;Dec 01, 2016;Dec 02, 2016;Zurich, Switzerland;47.376;8.541
4957;Double Trouble;MDMA;Nov 30, 2016;Dec 02, 2016;Bern, Switzerland;46.948;7.447
4958;Heineken;MDMA;Nov 30, 2016;Dec 02, 2016;Bern, Switzerland;46.948;7.447
4960;Piaggio;MDMA;Dec 07, 2016;Dec 09, 2016;Bern, Switzerland;46.948;7.447
4961;Vendetta;MDMA;Dec 06, 2016;Dec 09, 2016;Zurich, Switzerland;47.376;8.541
4962;Gold;MDMA/Caffeine;Dec 06, 2016;Dec 09, 2016;Zurich, Switzerland;47.376;8.541
4963;Zolpidem;Alprazolam;Dec 12, 2016;Dec 13, 2016;Stockholm, Sweden;59.329;18.068
4964;Oreo;MDMA/MDA;Dec 12, 2016;Dec 13, 2016;Dallas, TX;32.776;-96.797
4972;Perc10;Acetaminophen;Dec 12, 2016;Dec 13, 2016;Cincinnati, OH;39.103;-84.512
4975;Pink Love Heart;MDMA;Dec 14, 2016;Dec 14, 2016;London, United Kingdom;51.507;-1
4981;White Tablet;Caffeine;Dec 14, 2016;Dec 14, 2016;Bend, OR;44.058;-121.315
4982;Gold Mercedes;4-Fluoroisobutyrylfentanyl/N-Ethylpentylone;Dec 14, 2016;Dec 14, 2016;Online;44.058;-121.315
4985;Red A|X;MDA;Dec 14, 2016;Dec 14, 2016;Mexico City, Mexico;19.432;-99.133
4988;Maserati;MDMA/Ethylone/MDA/Phenacetin;Dec 14, 2016;Dec 14, 2016;Pasadena, CA;34.147;-118.144
4989;Samsung;MDMA;Dec 14, 2016;Dec 14, 2016;Dallas, TX;32.776;-96.797
4990;Oreo;MDMA;Dec 14, 2016;Dec 14, 2016;Unknown, Unknown;32.776;-96.797
4991;Coca Cola ;MDMA;Dec 13, 2016;Dec 16, 2016;Zurich, Switzerland;47.376;8.541
4992;Warner Brothers ;MDMA;Dec 13, 2016;Dec 16, 2016;Zurich, Switzerland;47.376;8.541
4993;Bugatti;Methylmethcathinone;Dec 01, 2016;Dec 22, 2016;Vienna, Austria;48.208;16.373
4994;Herz;Unidentified;Dec 01, 2016;Dec 22, 2016;Vienna, Austria;48.208;16.373
4995;Rolex ;MDMA;Dec 01, 2016;Dec 22, 2016;Vienna, Austria;48.208;16.373
4996;Pablo Escobar ;MDMA;Dec 01, 2016;Dec 22, 2016;Vienna, Austria;48.208;16.373
4997;Tripadvisor ;MDMA;Dec 01, 2016;Dec 22, 2016;Vienna, Austria;48.208;16.373
4998;Super Mario ;MDMA;Dec 01, 2016;Dec 22, 2016;Vienna, Austria;48.208;16.373
4999;Heineken ;MDMA;Dec 01, 2016;Dec 22, 2016;Vienna, Austria;48.208;16.373
5000;Walter White;MDMA;Dec 01, 2016;Dec 22, 2016;Vienna, Austria;48.208;16.373
5001;Flasche/SPA ;MDMA;Dec 01, 2016;Dec 22, 2016;Vienna, Austria;48.208;16.373
5002;Warner Brothers;MDMA;Dec 01, 2016;Dec 22, 2016;Vienna, Austria;48.208;16.373
5003;Warner Brothers ;MDMA;Dec 01, 2016;Dec 22, 2016;Vienna, Austria;48.208;16.373
5004;Flügel;MDMA;Dec 01, 2016;Dec 22, 2016;Vienna, Austria;48.208;16.373
5005;Flügel ;MDMA;Dec 01, 2016;Dec 22, 2016;Vienna, Austria;48.208;16.373
5006;Minion ;MDMA;Dec 01, 2016;Dec 22, 2016;Vienna, Austria;48.208;16.373
5007;Atari ;MDMA;Dec 01, 2016;Dec 22, 2016;Vienna, Austria;48.208;16.373
5008;Flying V;Oxycodone;Dec 22, 2016;Dec 24, 2016;Grenada, MS;12.116;-61.679
5014;Oxycodone;Oxycodone;Dec 22, 2016;Dec 24, 2016;Los Angeles, CA;34.052;-118.243
5015;Blues;Oxycodone;Dec 22, 2016;Dec 24, 2016;Los Angeles, CA;34.052;-118.243
5017;Zofran ;Ondansetron;Dec 23, 2016;Dec 24, 2016;Online, India;20.593;78.962
5020;Adderall;Tramadol;Dec 22, 2016;Dec 24, 2016;Online, India;20.593;78.962
5023;Coca Cola ;MDMA;Dec 20, 2016;Dec 27, 2016;Zurich, Switzerland;47.376;8.541
5024;Chupa Chups ;MDMA;Dec 16, 2016;Dec 27, 2016;Zurich, Switzerland;47.376;8.541
5025;FC Barcelona ;MDMA;Dec 16, 2016;Dec 27, 2016;Zurich, Switzerland;47.376;8.541
5031;Pink Apple ;MDMA;Dec 16, 2016;Dec 27, 2016;Sao Paulo, Brazil;-23.55;-46.633
5033;Watson 853 ;Fentanyl;Dec 28, 2016;Dec 28, 2016;Online;36.974;-122.03
5035;MDA ;MDA;Jan 13, 2017;Jan 16, 2017;Santa Cruz, CA;36.974;-122.03
5036;Perc30 ;Fentanyl;Jan 13, 2017;Jan 16, 2017;KY;37.839;-84.27
5038;Oxy;Oxycodone;Jan 13, 2017;Jan 16, 2017;Los Angeles, CA;34.052;-118.243
5039;Blues;Oxycodone;Jan 13, 2017;Jan 16, 2017;Los Angeles, CA;34.052;-118.243
5041;Xanax Bar ;Lorazepam/Acetaminophen;Jan 13, 2017;Jan 16, 2017;Online, India;20.593;78.962
5044;Starbucks ;MDMA;Jan 13, 2017;Jan 16, 2017;Online;47.376;8.541
5045;Alprazolam;Alprazolam;Jan 13, 2017;Jan 16, 2017;Online;47.376;8.541
5047;Green Instagram ;MDMA;Jan 13, 2017;Jan 16, 2017;Online;47.376;8.541
5048;A.C.A.B ;MDMA;Jan 11, 2017;Jan 15, 2017;Zurich, Switzerland;47.376;8.541
5049;The North Face ;MDMA;Jan 11, 2017;Jan 15, 2017;Zurich, Switzerland;47.376;8.541
5052;Finn;MDA;Jan 18, 2017;Jan 19, 2017;New York, NY;40.712;-74.006
5054;TERPS;MDMA/Methylsulfonylmethane;Jan 18, 2017;Jan 19, 2017;Bay Area, CA;37.827;-122.291
5056;Tesla;Unidentified;Jan 18, 2017;Jan 19, 2017;Miami, FL;25.761;-80.191
5057;Blue Diamond ;Sildenafil;Jan 18, 2017;Jan 19, 2017;Online, Colombia;4.57;-74.297
5058;Red Tablet ;Ibuprofen;Jan 18, 2017;Jan 19, 2017;Toronto, ON, Canada;43.653;-79.383
5061;Rock 'n' Roll ;MDMA;Jan 20, 2017;Jan 20, 2017;Zurich, Switzerland;47.376;8.541
5065;Porsche ;Caffeine/Methamphetamine;Jan 24, 2017;Jan 25, 2017;Baton Rouge, LA;30.458;-91.14
5073;Red Bull ;MDMA;Jan 24, 2017;Jan 25, 2017;Zurich, Switzerland;47.376;8.541
5074;Red Bull ;MDMA;Jan 25, 2017;Jan 30, 2017;Bern, Switzerland;46.948;7.447
5075;Coca Cola ;MDMA;Jan 24, 2017;Jan 30, 2017;Zurich, Switzerland;47.376;8.541
5078;Rolls Royce ;MDMA;Jan 31, 2017;Feb 03, 2017;Zurich, Switzerland;47.376;8.541
5081;Pink Anonymous ;MDMA;Feb 05, 2017;Feb 05, 2017;Online;46.948;7.447
5082;Harley Davidson ;MDMA;Feb 05, 2017;Feb 05, 2017;Boston, MA;42.36;-71.058
5086;Tesla ;MDMA;Feb 05, 2017;Feb 05, 2017;San Francisco, CA;37.774;-122.419
5092;Ananas;MDMA;Feb 10, 2017;Feb 10, 2017;Zurich, Switzerland;47.376;8.541
5095;Goldbarren;Caffeine/Acetaminophen/MDMA;Feb 07, 2017;Feb 14, 2017;Vienna, Austria;48.208;16.373
5096;Blume/Schildkröte ;4-Chloromethamphetamine;Feb 07, 2017;Feb 14, 2017;Vienna, Austria;48.208;16.373
5097;9 mm ;MDMA;Feb 07, 2017;Feb 14, 2017;Vienna, Austria;48.208;16.373
5098;Minion ;MDMA;Feb 07, 2017;Feb 14, 2017;Vienna, Austria;48.208;16.373
5099;Popcorn ;MDMA;Feb 07, 2017;Feb 14, 2017;Vienna, Austria;48.208;16.373
5100;Red Bull ;MDMA;Feb 07, 2017;Feb 14, 2017;Vienna, Austria;48.208;16.373
5101;Rolex ;MDMA;Feb 07, 2017;Feb 14, 2017;Vienna, Austria;48.208;16.373
5102;Affe;MDMA;Feb 07, 2017;Feb 14, 2017;Vienna, Austria;48.208;16.373
5103;Affe;MDMA;Feb 07, 2017;Feb 14, 2017;Vienna, Austria;48.208;16.373
5104;Guy Fawkes ;MDMA;Feb 07, 2017;Feb 14, 2017;Vienna, Austria;48.208;16.373
5105;Nintendo ;MDMA;Feb 07, 2017;Feb 14, 2017;Vienna, Austria;48.208;16.373
5106;Levi's ;MDMA;Feb 07, 2017;Feb 14, 2017;Vienna, Austria;48.208;16.373
5107;IKEA;MDMA;Feb 07, 2017;Feb 14, 2017;Vienna, Austria;48.208;16.373
5108;Mitsubishi ;MDMA;Feb 07, 2017;Feb 14, 2017;Vienna, Austria;48.208;16.373
5109;Pablo Escobar ;MDMA;Feb 07, 2017;Feb 14, 2017;Vienna, Austria;48.208;16.373
5110;Schildkröte ;MDMA;Feb 07, 2017;Feb 14, 2017;Vienna, Austria;48.208;16.373
5111;The North Face ;MDMA;Feb 07, 2017;Feb 14, 2017;Vienna, Austria;48.208;16.373
5112;kpn;MDMA;Feb 07, 2017;Feb 14, 2017;Vienna, Austria;48.208;16.373
5113;Diamant ;MDMA;Feb 07, 2017;Feb 14, 2017;Vienna, Austria;48.208;16.373
5114;Vögel;MDMA;Feb 07, 2017;Feb 14, 2017;Vienna, Austria;48.208;16.373
5115;Red Bull ;MDMA;Feb 07, 2017;Feb 14, 2017;Vienna, Austria;48.208;16.373
5116;SPA ;MDMA;Feb 07, 2017;Feb 14, 2017;Vienna, Austria;48.208;16.373
5117;Doppelte Kirsche ;MDMA;Feb 07, 2017;Feb 14, 2017;Vienna, Austria;48.208;16.373
5118;Pacman;MDMA;Feb 07, 2017;Feb 14, 2017;Vienna, Austria;48.208;16.373
5119;Marienkäfer ;MDMA;Feb 07, 2017;Feb 14, 2017;Vienna, Austria;48.208;16.373
5120;Instagram;MDMA;Feb 07, 2017;Feb 14, 2017;Vienna, Austria;48.208;16.373
5121;No name;MDMA;Feb 07, 2017;Feb 14, 2017;Vienna, Austria;48.208;16.373
5122;Maske;MDMA;Feb 07, 2017;Feb 14, 2017;Vienna, Austria;48.208;16.373
5123;Purple;MDMA;Feb 07, 2017;Feb 14, 2017;Vienna, Austria;48.208;16.373
5124;Red Army Skull ;MDMA;Feb 07, 2017;Feb 14, 2017;Vienna, Austria;48.208;16.373
5125;Stier ;MDMA;Feb 07, 2017;Feb 14, 2017;Vienna, Austria;48.208;16.373
5126;Rolex;MDMA;Feb 07, 2017;Feb 14, 2017;Vienna, Austria;48.208;16.373
5127;Stierkopf;MDMA;Feb 07, 2017;Feb 14, 2017;Vienna, Austria;48.208;16.373
5128;Tomorrowland ;MDMA;Feb 07, 2017;Feb 14, 2017;Vienna, Austria;48.208;16.373
5129;Emporio Armani 7 ;MDMA;Feb 07, 2017;Feb 14, 2017;Vienna, Austria;48.208;16.373
5130;Dominostein ;MDMA;Feb 07, 2017;Feb 14, 2017;Vienna, Austria;48.208;16.373
5131;Supreme;MDMA;Feb 07, 2017;Feb 14, 2017;Vienna, Austria;48.208;16.373
5132;No name;MDMA;Feb 07, 2017;Feb 14, 2017;Vienna, Austria;48.208;16.373
5133;Albert Heijn ;MDMA;Feb 07, 2017;Feb 14, 2017;Vienna, Austria;48.208;16.373
5134;Superman;MDMA;Feb 07, 2017;Feb 14, 2017;Vienna, Austria;48.208;16.373
5135;Super Mario ;MDMA;Feb 07, 2017;Feb 14, 2017;Vienna, Austria;48.208;16.373
5136;Defqon ;MDMA;Feb 07, 2017;Feb 14, 2017;Vienna, Austria;48.208;16.373
5137;Flügel;MDMA;Feb 07, 2017;Feb 14, 2017;Vienna, Austria;48.208;16.373
5152;IKEA ;MDMA;Feb 13, 2017;Feb 14, 2017;Online;40.712;-74.006
5154;G Lady ;MDA;Feb 13, 2017;Feb 14, 2017;New York, NY;40.712;-74.006
5155;Heisenberg /Walter White;Caffeine/Methamphetamine;Feb 13, 2017;Feb 14, 2017;New York, NY;40.712;-74.006
5156;SKI ;2C-B;Feb 13, 2017;Feb 14, 2017;New York, NY;40.712;-74.006
5157;Burger King ;MDMA;Sep 01, 2014;Feb 17, 2017;Vienna, Austria;48.208;16.373
5158;Rolex;MDMA;Feb 14, 2017;Feb 17, 2017;Zurich, Switzerland;47.376;8.541
5159;No name;MDMA;Feb 15, 2017;Feb 17, 2017;Bern, Switzerland;46.948;7.447
5160;Hanfblatt;MDMA;Feb 10, 2017;Feb 17, 2017;Zurich, Switzerland;47.376;8.541
5161;Hanfblatt;MDMA;Feb 17, 2017;Feb 17, 2017;Zurich, Switzerland;47.376;8.541
5162;Superman;MDMA/Caffeine;Sep 01, 2014;Feb 17, 2017;Vienna, Austria;48.208;16.373
5163;Herz;MDMA/Caffeine;Sep 01, 2014;Feb 17, 2017;Vienna, Austria;48.208;16.373
5164;Geist/Ghost;MDMA;Sep 01, 2014;Feb 17, 2017;Vienna, Austria;48.208;16.373
5165;Erdbeere;MDMA;Sep 01, 2014;Feb 17, 2017;Vienna, Austria;48.208;16.373
5166;Euro;MDMA;Sep 01, 2014;Feb 17, 2017;Vienna, Austria;48.208;16.373
5167;Bitcoin;1,1-diphenylprolinol;Sep 01, 2014;Feb 17, 2017;Vienna, Austria;48.208;16.373
5168;Kein Logo ;MDMA;Sep 01, 2014;Feb 17, 2017;Vienna, Austria;48.208;16.373
5169;Toyota ;MDMA;Sep 01, 2014;Feb 17, 2017;Vienna, Austria;48.208;16.373
5170;(Batterie)/Battery;MDMA;Sep 01, 2014;Feb 17, 2017;Vienna, Austria;48.208;16.373
5171;Heineken ;MDMA;Sep 01, 2014;Feb 17, 2017;Vienna, Austria;48.208;16.373
5172;Goldbarren;MDMA;Sep 01, 2014;Feb 17, 2017;Vienna, Austria;48.208;16.373
5173;AP;MDMA/Caffeine;Sep 01, 2014;Feb 17, 2017;Vienna, Austria;48.208;16.373
5174;Hanfblatt;MDMA;Feb 24, 2017;Feb 24, 2017;Zurich, Switzerland;47.376;8.541
5175;Pac-Man Geist ;MDMA;Feb 24, 2017;Feb 24, 2017;Zurich, Switzerland;47.376;8.541
5176;Anonymous;MDMA;Feb 24, 2017;Feb 24, 2017;Zurich, Switzerland;47.376;8.541
5177;Philipp Plein ;MDMA;Feb 24, 2017;Feb 24, 2017;Zurich, Switzerland;47.376;8.541
5178;Vodaphone ;MDMA;Feb 24, 2017;Feb 24, 2017;Zurich, Switzerland;47.376;8.541
5179;Philipp Plein ;MDMA;Feb 02, 2017;Mar 01, 2017;Vienna, Austria;48.208;16.373
5180;SPA;MDMA;Feb 02, 2017;Mar 01, 2017;Vienna, Austria;48.208;16.373
5181;Trauriges Gesicht ;MDMA;Feb 02, 2017;Mar 01, 2017;Vienna, Austria;48.208;16.373
5182;Levi's ;MDMA;Feb 02, 2017;Mar 01, 2017;Vienna, Austria;48.208;16.373
5183;IKEA;MDMA;Feb 02, 2017;Mar 01, 2017;Vienna, Austria;48.208;16.373
5184;Minion ;MDMA;Feb 02, 2017;Mar 01, 2017;Vienna, Austria;48.208;16.373
5185;Rolls Royce ;MDMA;Feb 02, 2017;Mar 01, 2017;Vienna, Austria;48.208;16.373
5186;Doppelte Kirsche ;MDMA;Feb 02, 2017;Mar 01, 2017;Vienna, Austria;48.208;16.373
5188;Roche 10 ;Diazepam;Mar 02, 2017;Mar 03, 2017;Online;47.751;-120.74
5190;Found Pill /tablet;Melatonin;Mar 02, 2017;Mar 03, 2017;Washington, DC;47.751;-120.74
5195;Roxy ;Fentanyl;Mar 02, 2017;Mar 03, 2017;Online;47.751;-120.74
5198;Starbucks ;MDMA/Caffeine;Mar 02, 2017;Mar 03, 2017;Dallas, TX;32.776;-96.797
5200;Oxycodone;Furanylfentanyl;Mar 02, 2017;Mar 03, 2017;Online,China;39.913;116.363
5202;Oxandrolone ;Oxandrolone;Mar 02, 2017;Mar 03, 2017;Kiev, Ukraine;50.45;30.523
5204;Superman;Methylsulfonylmethane;Mar 02, 2017;Mar 03, 2017;Atlanta, GA;33.749;-84.388
5212;Bentley ;MDMA;Mar 03, 2017;Mar 06, 2017;Zurich, Switzerland;47.376;8.541
5213;Rolex;MDMA;Mar 03, 2017;Mar 06, 2017;Bern, Switzerland;46.948;7.447
5214;Super Mario ;MDMA;Mar 03, 2017;Mar 06, 2017;Bern, Switzerland;46.948;7.447
5217;cor 239 ;Methylphenidate;Mar 09, 2017;Mar 10, 2017;McMurray, PA;56.726;-111.38
5221;White Triangle ;MDMA;Mar 09, 2017;Mar 10, 2017;Chicago, IL;41.878;-87.629
5224;Lego ;MDMA;Mar 09, 2017;Mar 10, 2017;Evanston, IL;42.045;-87.687
5225;Mastercard ;Caffeine/Methamphetamine;Mar 09, 2017;Mar 10, 2017;Atlanta, GA;33.749;-84.388
5231;Ecstasy;Tramadol;Mar 15, 2017;Mar 15, 2017;Atlanta, GA;33.749;-84.388
5233;Eule ;3-Methylmethcathinone;Mar 17, 2017;Mar 17, 2017;Zurich, Switzerland;47.376;8.541
5235;G6;MDMA;Mar 21, 2017;Mar 21, 2017;San Jose, CA;37.338;-121.886
